V1,V2,V3,V4,V5,V6,V7,V8,V9,V10,V11,V12,V13,V14
-0.415898948,2.942930731,-0.90181638,-0.272329068,-1.240058177,0.491541682,-1.604857139,0.627653966,-0.63733109,-0.968553147,0.343873042,0.440615895,-1.113708827,27.9
-0.413870242,0.413179679,-0.801238464,-0.272329068,-0.998424059,0.322174907,-1.686565595,1.434032764,-0.63733109,-0.980419969,-0.764699887,0.440615895,-1.032488409,25
-0.418496155,2.942930731,-1.556301658,-0.272329068,-1.145130488,2.263488199,-1.299338565,0.880157857,-0.63733109,-0.909219036,-1.873272816,0.41137,-1.355969729,50
-0.389678077,-0.487240187,-0.180279159,-0.272329068,-0.092296115,-0.372371198,0.775345706,-0.456398379,-0.63733109,-0.61848189,-0.025651268,0.434043784,-0.130661701,19.4
-0.243503177,-0.487240187,1.230726964,3.664771168,0.434121071,2.975113306,0.89968466,-0.775530624,-0.522484391,-0.031074189,-1.734701199,0.348058662,-1.306957408,50
-0.406054205,-0.487240187,-1.202092476,-0.272329068,-0.946645319,2.539598741,0.263779721,-0.142395045,-0.867024489,-0.784617402,-0.210413422,0.440615895,-1.182326077,38.7
-0.143573456,-0.487240187,1.014994623,-0.272329068,0.244265693,-0.58870523,-0.947636951,-0.033738114,1.659602895,1.529412938,0.805778429,0.153962312,0.096195329,20.6
0.184646645,-0.487240187,1.014994623,3.664771168,1.858036412,-0.224353176,0.526667797,-0.509254657,1.659602895,1.529412938,0.805778429,0.424514223,-0.164270149,22.7
1.256434316,-0.487240187,1.014994623,-0.272329068,1.599142714,0.251012396,0.878369411,-0.851229552,1.659602895,1.529412938,0.805778429,-3.605723431,0.755761136,9.6
-0.326780075,-0.487240187,-0.436825726,-0.272329068,-0.144074855,-1.179354069,-1.135921653,0.000692076,-0.63733109,-0.600681657,1.175302739,-0.741378303,-0.134862757,20.2
-0.41521535,0.713319634,0.568953431,-0.272329068,-0.78267931,0.223970642,-0.531989588,-0.061329756,-0.63733109,-0.820217869,-0.118032345,0.419913745,-0.629187024,22.9
-0.416117513,-0.487240187,-0.866832757,-0.272329068,-0.342560023,-0.591551731,-0.791325122,0.681982432,-0.522484391,-1.093154781,0.805778429,0.440615895,-0.399529291,19.5
-0.232598159,-0.487240187,-0.436825726,-0.272329068,-0.144074855,-0.268473932,1.006260907,-0.016736723,-0.63733109,-0.600681657,1.175302739,-1.186967442,1.076441751,13.5
1.657048387,-0.487240187,1.014994623,-0.272329068,1.003687208,-0.087721155,1.116389695,-1.144004893,1.659602895,1.529412938,0.805778429,0.406002776,1.278092444,10.2
-0.415106067,1.763809478,-0.847883295,-0.272329068,-1.291836917,0.399030418,-1.622619847,1.672669599,-0.407637691,-0.683749413,-0.857080964,0.164806295,-0.4401395,24.8
-0.414656148,-0.487240187,-1.126294627,-0.272329068,-0.566934562,0.188389387,-0.087921893,-0.333731922,-0.867024489,-0.820217869,-0.3027945,0.388915287,-0.538164142,22.6
0.733743341,-0.487240187,1.014994623,-0.272329068,1.599142714,-0.047870149,0.995603282,-0.758434253,1.659602895,1.529412938,0.805778429,0.348825409,0.530304459,12.6
-0.416482564,-0.487240187,-0.983444834,-0.272329068,-0.972534689,-0.38518045,-0.713169208,2.003389383,-0.752177789,-0.333678156,0.159110887,0.317279275,-0.297303592,17.5
-0.331557124,0.370302542,-1.044666174,-0.272329068,0.796572249,-1.031336047,-0.205155765,-0.858875429,-0.522484391,-0.855818336,-2.519940357,0.391325061,-0.308506409,22.8
-0.39455162,-0.487240187,-0.616116793,-0.272329068,-0.92075595,-0.971559538,-0.233576097,1.088781064,-0.752177789,-1.039754081,-0.256603961,0.440615895,0.49669601,19.4
0.399567334,-0.487240187,1.014994623,-0.272329068,0.511789181,-0.258511181,0.587061003,-0.842111488,1.659602895,1.529412938,0.805778429,-3.879232792,1.489545601,13.4
-0.401255067,0.370302542,-0.608828539,-0.272329068,-0.78267931,-0.063525901,-1.85708759,0.301065804,-0.752177789,-1.099088192,0.06672981,0.440615895,-0.849042293,25.2
-0.413521468,-0.487240187,-1.126294627,-0.272329068,-0.566934562,1.028107013,0.629691502,-0.177300134,-0.867024489,-0.820217869,-0.3027945,0.440615895,-1.001680665,23.6
-0.416759258,0.713319634,0.568953431,-0.272329068,-0.78267931,-0.104800158,-1.409467353,-0.061329756,-0.63733109,-0.820217869,-0.118032345,0.434372389,-0.90225567,25
-0.343760745,0.370302542,-1.044666174,-0.272329068,0.796572249,0.793270728,1.116389695,-0.847382869,-0.522484391,-0.855818336,-2.519940357,0.386176907,-0.80563138,30.1
-0.404804429,-0.487240187,-0.164244998,-0.272329068,-0.066406745,-0.154613915,0.139440767,-0.505740403,-0.407637691,0.140994734,-0.3027945,0.401183228,-0.085850436,21.2
-0.390805782,-0.487240187,-0.079701243,-0.272329068,-0.566934562,-0.713951249,0.14654585,0.265875775,-0.63733109,-0.778683991,0.06672981,0.358793111,0.757161488,22.5
0.82058239,-0.487240187,1.014994623,-0.272329068,1.599142714,0.248165896,0.931657534,-0.85821057,1.659602895,1.529412938,0.805778429,-3.435177145,1.586169891,11.8
-0.398990358,-0.487240187,-0.547607199,-0.272329068,-0.532415402,0.130036128,-0.507121797,0.353969572,-0.522484391,-0.71934988,0.528635197,0.440615895,-0.809832436,23.1
-0.092441945,-0.487240187,1.014994623,-0.272329068,-0.195853594,-0.743839504,-1.004477616,0.144016647,1.659602895,1.529412938,0.805778429,0.397020891,-0.312707465,21.8
0.353587222,-0.487240187,1.014994623,-0.272329068,1.366138385,0.046064365,0.51245763,-0.503698336,1.659602895,1.529412938,0.805778429,0.440615895,0.187218211,19.5
0.868899291,-0.487240187,1.014994623,-0.272329068,1.409287335,0.179849885,1.116389695,-0.919472563,1.659602895,1.529412938,0.805778429,-0.415401588,0.33145447,16.7
2.206996093,-0.487240187,1.014994623,-0.272329068,1.253951116,-1.828356167,0.743372832,-1.081175732,1.659602895,1.529412938,0.805778429,0.440615895,2.707851869,7.4
0.241610829,-0.487240187,1.014994623,-0.272329068,0.244265693,-0.242855428,0.3987763,-0.118317657,1.659602895,1.529412938,0.805778429,0.394392046,0.325853062,19.1
-0.321045059,-0.487240187,-0.436825726,-0.272329068,-0.144074855,-0.45491971,0.732715207,0.103175318,-0.63733109,-0.600681657,1.175302739,0.392749018,0.164812578,19.6
-0.151091873,-0.487240187,1.230726964,-0.272329068,0.434121071,-0.575895979,1.020471073,-0.667870981,-0.522484391,-0.031074189,-1.734701199,-0.09358721,-0.087250788,19.1
0.695478123,-0.487240187,1.014994623,-0.272329068,1.193542586,0.169887134,1.116389695,-1.023902892,1.659602895,1.529412938,0.805778429,0.212892242,1.072240695,12.1
0.370589982,-0.487240187,1.014994623,-0.272329068,1.366138385,-0.289822685,0.562193212,-0.511724132,1.659602895,1.529412938,0.805778429,0.440615895,0.286643205,20
-0.249974107,-0.487240187,1.230726964,-0.272329068,0.434121071,1.714113616,0.789555872,-0.866283856,-0.522484391,-0.031074189,-1.734701199,0.194490331,-1.529613381,50
-0.40061681,-0.487240187,-0.547607199,-0.272329068,-0.532415402,0.201198639,-0.578172628,0.353969572,-0.522484391,-0.71934988,0.528635197,0.440615895,-0.763620819,23.8
-0.385434654,-0.487240187,-0.719610011,-0.272329068,-0.437487713,1.994493909,-1.832219799,-0.199430436,-0.177944293,-0.600681657,-0.487556655,0.228227168,-1.222936286,46.7
-0.387093658,-0.487240187,-0.547607199,-0.272329068,-0.532415402,-0.820695015,0.203386515,0.439783853,-0.522484391,-0.71934988,0.528635197,0.377414092,-0.127860997,18.5
-0.41692667,-0.487240187,-0.592794378,-0.272329068,-0.739530361,0.194082387,0.366803426,0.55660905,-0.867024489,-0.98635338,-0.3027945,0.440615895,-0.491952525,21.6
0.120137304,-0.487240187,1.014994623,-0.272329068,0.511789181,0.989679257,-0.03463377,-0.59939052,1.659602895,1.529412938,0.805778429,0.197228711,-0.139063813,29.8
-0.402742009,0.584688225,-0.875578663,-0.272329068,-0.877607,-0.773727758,-0.084369352,1.629073854,-0.177944293,-0.737150113,0.574825736,0.421009097,0.06958864,18.7
-0.413540069,1.227845272,-0.688999341,3.664771168,-0.929385739,0.67371771,-1.267365691,0.134186234,-0.63733109,-0.915152447,-0.395175577,0.440615895,-1.277550015,32.4
0.527604795,-0.487240187,1.014994623,-0.272329068,1.253951116,-1.273288584,1.077311738,-0.981589375,1.659602895,1.529412938,0.805778429,0.440615895,1.147859705,11.5
-0.410029072,1.442230954,-1.121921674,-0.272329068,-1.015683639,1.2714828,-1.501833434,1.27498903,-0.522484391,-0.060741244,-1.503748506,0.37040384,-1.369973249,36.4
-0.409431505,-0.487240187,-1.033004966,-0.272329068,-0.385708973,0.186966136,0.551535588,-0.545536954,-0.522484391,-0.665949179,-0.857080964,0.425280969,-0.505956045,23.6
-0.34716246,-0.487240187,-0.436825726,-0.272329068,-0.144074855,-0.641365488,-0.428965883,0.334118787,-0.63733109,-0.600681657,1.175302739,0.426595391,-0.585776111,19.9
-0.306613931,-0.487240187,1.567444334,-0.272329068,0.59808708,-0.750955755,1.059549031,-0.688149176,-0.63733109,0.17066179,1.267683816,-1.028689097,0.652135085,15.6
-0.398783418,-0.487240187,2.420170141,-0.272329068,0.468640231,-1.239130578,1.055996489,-0.968624628,-0.63733109,1.796416439,0.75958789,-0.138277566,1.584769539,7
-0.418577536,3.371702096,-1.445520186,-0.272329068,-1.309096497,1.372533565,-1.658145262,2.327745519,-0.522484391,-1.081287958,-0.256603961,0.429990982,-1.098304955,35.4
0.025962364,-0.487240187,1.014994623,-0.272329068,1.858036412,-0.047870149,0.800213497,-0.712131584,1.659602895,1.529412938,0.805778429,-0.065984343,0.215225251,19.9
-0.416439548,3.586087778,-1.409078912,-0.272329068,-1.309096497,0.982563006,-1.892613005,1.832330701,-0.752177789,-0.0370076,-0.672318809,0.440615895,-1.133313756,34.9
-0.397385995,-0.487240187,-0.047632922,-0.272329068,-1.222798598,-0.05640965,-2.215894287,0.708671765,-0.63733109,-0.612548479,0.343873042,0.224502972,-0.71600885,23.4
-0.415934988,2.942930731,-1.132125231,-0.272329068,-1.352245447,0.007636609,-1.803799466,1.337533251,-0.63733109,-0.422679323,-1.088033658,0.440615895,-1.117909883,23.5
-0.254431446,-0.487240187,1.230726964,-0.272329068,2.729645196,0.320751657,1.116389695,-0.963638187,-0.522484391,-0.031074189,-1.734701199,0.083640722,-0.737014131,23.3
-0.40033314,0.048724019,-0.476182302,-0.272329068,-0.264891914,-0.399412952,0.615481336,1.328320207,-0.522484391,-0.576948013,-1.503748506,0.32899954,0.622727693,18.9
-0.418114829,3.371702096,-1.328908109,-0.272329068,-1.248687967,0.631020203,-1.153684361,3.956602197,-0.522484391,-1.312690993,-0.672318809,0.304354123,-1.141715868,30.1
-0.412074053,-0.487240187,-1.305585694,-0.272329068,-0.83445805,1.227362043,-0.510674339,1.076671135,-0.752177789,-1.105021603,0.112920349,0.440615895,-1.025486649,36.2
-0.38890031,-0.487240187,-0.210889829,-0.272329068,0.261525273,-0.698295497,0.071942477,-0.428521797,-0.407637691,-0.102275122,0.343873042,0.440615895,0.202622083,18.3
-0.416196569,2.728545048,-1.193346571,-0.272329068,-1.093351748,1.052302267,-1.874850298,0.762715291,-0.752177789,-0.927019269,-0.071841806,0.426595391,-1.49460458,34.9
0.871305835,-0.487240187,1.014994623,-0.272329068,0.977797838,-1.962141687,1.116389695,-1.244636028,1.659602895,1.529412938,0.805778429,0.440615895,3.097149734,13.8
0.541033778,-0.487240187,1.014994623,3.664771168,0.977797838,-0.58301223,0.746925373,-1.265816531,1.659602895,1.529412938,0.805778429,-0.096325589,-0.528361678,50
0.567177918,-0.487240187,1.014994623,-0.272329068,0.252895483,0.090185122,0.622586419,-0.827437103,1.659602895,1.529412938,0.805778429,-2.992764527,0.698346703,14.5
0.436385137,-0.487240187,1.014994623,-0.272329068,1.072725527,-0.130418661,0.338383094,-0.883047797,1.659602895,1.529412938,0.805778429,-2.847301799,1.241683291,11
-0.413690042,0.927705316,-1.305585694,-0.272329068,-0.713640991,1.354031312,-0.976057283,0.10778184,-0.292790992,-1.105021603,-0.025651268,0.405345565,-0.801430324,36.1
-0.410517356,0.799073907,-0.904731682,-0.272329068,-1.093351748,0.2794774,-1.778931675,1.13731576,-0.407637691,-0.642215535,-0.857080964,0.249038854,-0.88125039,23.7
-0.41458988,-0.487240187,0.115623985,-0.272329068,0.157967793,-0.362408446,0.434301716,-0.612640207,-0.981871188,-0.802417635,1.175302739,0.440615895,-0.668396881,11.9
-0.412379812,-0.487240187,-1.033004966,-0.272329068,-0.385708973,0.818889232,0.206939056,-0.417789076,-0.522484391,-0.665949179,-0.857080964,0.378947585,-0.802830676,29.9
-0.349005152,0.370302542,-1.044666174,-0.272329068,0.796572249,3.443362627,0.651006751,-0.946969226,-0.522484391,-0.855818336,-2.519940357,0.361750561,-1.054894042,50
-0.410826603,1.227845272,-0.688999341,-0.272329068,-0.929385739,0.280900651,-1.295786023,0.163962412,-0.63733109,-0.915152447,-0.395175577,0.440615895,-0.765021171,29.1
-0.403872039,-0.487240187,-0.375604386,-0.272329068,-0.299411074,-0.167423167,0.76113554,-0.652531738,-0.522484391,-0.143809,1.1291122,0.394501581,-0.045240227,20.1
-0.289127538,-0.487240187,1.230726964,3.664771168,2.729645196,-1.811277165,0.690084708,-1.037579988,-0.522484391,-0.031074189,-1.734701199,-0.146711775,-0.074647619,15.3
-0.152661358,-0.487240187,1.230726964,-0.272329068,0.434121071,0.048910866,0.977840575,-0.804974372,-0.522484391,-0.031074189,-1.734701199,-0.652654802,-0.217483527,23.8
-0.135655111,-0.487240187,1.230726964,-0.272329068,2.729645196,-1.441232109,0.903237202,-0.977647712,-0.522484391,-0.031074189,-1.734701199,-2.9360253,0.488293898,13.1
-0.418589162,1.013459589,-1.401790657,-0.272329068,-0.972534689,1.361147563,-0.684748875,1.540030259,-0.981871188,-0.737150113,-1.36517689,0.416956295,-1.003081017,32.7
-0.303558666,-0.487240187,-0.436825726,-0.272329068,-0.144074855,0.554164692,0.665216917,0.210834961,-0.63733109,-0.600681657,1.175302739,0.258020739,-0.094252548,21
-0.409559389,1.442230954,-1.121921674,-0.272329068,-1.015683639,0.948405001,-1.672355429,1.27498903,-0.522484391,-0.060741244,-1.503748506,0.230089266,-1.057694746,37
-0.405913532,-0.487240187,-1.202092476,-0.272329068,-0.946645319,0.484425431,-0.382782843,-0.142395045,-0.867024489,-0.784617402,-0.210413422,0.014304949,-0.840640181,28.4
-0.413731895,0.927705316,-1.305585694,-0.272329068,-0.713640991,0.471616179,-0.372125218,-0.201852421,-0.292790992,-1.105021603,-0.025651268,0.401840439,-0.521359918,28.4
-0.37717916,-0.487240187,-0.180279159,-0.272329068,-0.092296115,0.401876919,0.665216917,-0.091533343,-0.63733109,-0.61848189,-0.025651268,0.427362137,-0.472347596,23.8
-0.41757074,3.050123572,-1.327450458,-0.272329068,-1.205539018,1.886326892,-1.878402839,1.175355183,-0.867024489,-0.357411801,-1.734701199,0.423966547,-1.3363648,42.3
-0.286204807,-0.487240187,-0.436825726,-0.272329068,-0.144074855,-0.830657767,0.938762618,-0.003724486,-0.63733109,-0.600681657,1.175302739,0.022958229,0.797771697,13.1
0.624240921,-0.487240187,1.014994623,3.664771168,1.858036412,-0.103376907,1.024023615,-0.794431611,1.659602895,1.529412938,0.805778429,0.230636942,0.692745294,17.8
-0.413588898,-0.487240187,-1.264771467,-0.272329068,-0.575564352,2.20086519,-0.531989588,-0.2829652,-0.752177789,-1.277090526,-0.3027945,0.39384437,-1.148717628,50
-0.413434274,-0.487240187,-0.968868324,-0.272329068,-0.91212616,0.491541682,-0.443176049,0.305197427,-0.752177789,-0.956686325,0.020539271,0.390229709,-0.857444405,26.6
-0.403556979,-0.487240187,-0.164244998,-0.272329068,-0.066406745,-0.043600398,0.555088129,-0.730652652,-0.407637691,0.140994734,-0.3027945,0.351235183,-0.308506409,18.5
-0.357671037,-0.487240187,-0.719610011,-0.272329068,-0.437487713,-0.432147707,-0.016871062,-0.05867032,-0.177944293,-0.600681657,-0.487556655,0.237428124,-0.140464165,24.3
-0.410492942,-0.487240187,0.405696524,-0.272329068,-1.015683639,-0.224353176,-1.782484217,0.810965047,-0.63733109,-0.707483057,-1.134224196,0.440615895,-0.570372239,23.9
-0.414310861,0.413179679,-0.801238464,-0.272329068,-0.998424059,-0.407952453,-1.67590797,1.434032764,-0.63733109,-0.980419969,-0.764699887,0.440615895,-0.591377519,23.4
-0.386439124,-0.487240187,-0.079701243,-0.272329068,-0.566934562,-1.241977079,-2.088002791,-0.098561851,-0.63733109,-0.778683991,0.06672981,-0.084824395,2.366165973,23.7
-0.38482081,-0.487240187,-0.547607199,-0.272329068,-0.532415402,0.038948114,-1.409467353,0.769743799,-0.522484391,-0.71934988,0.528635197,0.440615895,-0.910657783,23
-0.366278793,-0.487240187,-0.719610011,-0.272329068,-0.437487713,1.60452335,0.295752595,-0.05867032,-0.177944293,-0.600681657,-0.487556655,0.213220848,-1.036689465,31.7
-0.364824403,-0.487240187,-0.180279159,-0.272329068,-0.092296115,-0.244278679,-0.347257427,0.098236367,-0.63733109,-0.61848189,-0.025651268,0.433277038,0.010773855,21
-0.346886928,-0.487240187,-0.436825726,-0.272329068,-0.144074855,-0.477691714,-0.24068118,0.433325224,-0.63733109,-0.600681657,1.175302739,0.440615895,-0.615183504,20.4
-0.394851566,-0.487240187,-0.079701243,3.664771168,-0.566934562,-0.679793244,-0.524884505,-0.067645915,-0.63733109,-0.778683991,0.06672981,0.375332924,0.472890025,22.4
-0.206910914,-0.487240187,1.230726964,3.664771168,0.434121071,2.159590934,1.052443947,-0.833135893,-0.522484391,-0.031074189,-1.734701199,0.360764744,-1.503006692,50
-0.356796775,-0.487240187,1.567444334,-0.272329068,0.59808708,-0.19019517,1.041786323,-1.009798386,-0.63733109,0.17066179,1.267683816,0.440615895,0.813175569,17.8
-0.39724881,0.456056815,-0.769170144,-0.272329068,-1.067462379,-0.083451404,0.377461051,2.023287659,-0.292790992,-0.464213201,0.297682503,0.213220848,-0.35051697,20.5
2.911369543,-0.487240187,1.014994623,-0.272329068,0.365082752,-1.607752384,1.116389695,-1.047457891,1.659602895,1.529412938,0.805778429,-1.595971828,1.040032598,16.3
2.329195069,-0.487240187,1.014994623,-0.272329068,1.003687208,0.135729129,0.981393116,-1.144004893,1.659602895,1.529412938,0.805778429,0.440615895,1.545559682,13.1
-0.230758955,-0.487240187,1.567444334,-0.272329068,0.59808708,-1.801314413,1.116389695,-1.118692767,-0.63733109,0.17066179,1.267683816,0.440615895,3.046737061,14.4
-0.281412645,-0.487240187,1.567444334,-0.272329068,0.59808708,0.058873617,1.03468124,-0.723766614,-0.63733109,0.17066179,1.267683816,0.440615895,-0.055042691,19.6
0.262572179,-0.487240187,1.014994623,-0.272329068,1.193542586,0.171310384,0.974288033,-1.005951703,1.659602895,1.529412938,0.805778429,0.440615895,0.940607604,12.5
-0.403651148,-0.487240187,-0.616116793,-0.272329068,-0.92075595,-0.164576667,-2.201684121,0.914588047,-0.752177789,-1.039754081,-0.256603961,0.292414788,-0.958269752,25.3
-0.408773484,-0.487240187,-0.754593634,-0.272329068,-0.480636662,-0.631402737,-0.254891346,-0.198100718,-0.522484391,-0.766817169,0.343873042,0.228774844,-0.174072614,20
2.463298882,-0.487240187,1.014994623,-0.272329068,1.193542586,-1.331641842,0.974288033,-0.993604324,1.659602895,1.529412938,0.805778429,0.440615895,0.996621685,8.3
-0.406819184,-0.487240187,0.401323571,3.664771168,-0.040517375,0.125766377,0.846396537,-0.205034246,-0.522484391,-0.784617402,-0.949462042,0.406002776,-0.301504649,23
-0.416096587,3.050123572,-1.327450458,-0.272329068,-1.205539018,-0.174539418,-1.071975905,1.175355183,-0.867024489,-0.357411801,-1.734701199,0.406331382,-0.731412722,24.1
-0.113705566,-0.487240187,-0.180279159,-0.272329068,-0.092296115,-1.866783923,-1.093291155,-0.605801659,-0.63733109,-0.61848189,-0.025651268,-0.068175046,-0.001829314,16.1
-0.412442592,-0.487240187,-1.264771467,-0.272329068,-0.575564352,2.106930676,0.523115255,-0.500564002,-0.752177789,-1.277090526,-0.3027945,0.42593818,-0.713208146,39.8
1.914932287,-0.487240187,1.014994623,-0.272329068,1.253951116,-2.727850303,0.803766038,-1.118645277,1.659602895,1.529412938,0.805778429,-0.775991422,2.517403992,8.8
-0.328210051,-0.487240187,-0.180279159,-0.272329068,-0.092296115,-0.231469427,-0.560409921,-0.548386349,-0.63733109,-0.61848189,-0.025651268,0.440615895,-0.934463767,22.1
-0.305188606,-0.487240187,-0.436825726,-0.272329068,-0.144074855,-0.671253743,1.116389695,0.14254446,-0.63733109,-0.600681657,1.175302739,0.414765591,1.012025558,14.5
-0.404920687,-0.487240187,-0.164244998,-0.272329068,-0.066406745,-0.58728198,0.160756016,-0.625699934,-0.407637691,0.140994734,-0.3027945,-0.197645637,0.380466791,20.4
-0.372159132,-0.487240187,-0.719610011,-0.272329068,-0.437487713,1.250134047,0.402328842,-0.275129364,-0.177944293,-0.600681657,-0.487556655,0.168749562,-0.88125039,31.6
-0.416631374,-0.487240187,-1.305585694,-0.272329068,-0.83445805,0.206891639,-0.350809969,1.076671135,-0.752177789,-1.105021603,0.112920349,0.410165113,-1.042290874,28.7
5.524853484,-0.487240187,1.014994623,-0.272329068,0.365082752,-0.750955755,1.116389695,-1.131230105,1.659602895,1.529412938,0.805778429,-3.87835651,-0.356118378,15
0.925923929,-0.487240187,1.014994623,-0.272329068,1.253951116,-1.777119159,1.009813449,-0.9616911,1.659602895,1.529412938,0.805778429,0.440615895,1.824229736,9.7
-0.405285738,-0.487240187,-0.616116793,-0.272329068,-0.92075595,0.690796712,-2.333128159,0.914588047,-0.752177789,-1.039754081,-0.256603961,0.314759966,-1.094103899,26.6
-0.390587216,-0.487240187,-0.616116793,-0.272329068,-0.92075595,-1.260479332,0.949420242,0.985395514,-0.752177789,-1.039754081,-0.256603961,0.440615895,2.542610329,14.4
-0.406811046,-0.487240187,-0.375604386,-0.272329068,-0.299411074,0.706452465,0.096810268,-0.445903107,-0.522484391,-0.143809,1.1291122,0.42615725,-0.697804274,26.5
-0.35963115,0.370302542,-1.044666174,-0.272329068,0.796572249,3.007848061,0.814423663,-0.715455878,-0.522484391,-0.855818336,-2.519940357,0.330642568,-0.944266231,48.8
-0.40672734,-0.487240187,-1.202092476,-0.272329068,-0.946645319,-0.173116168,0.036417061,-0.142395045,-0.867024489,-0.784617402,-0.210413422,0.385081555,-0.183875078,21.4
-0.41476543,1.763809478,-0.847883295,-0.272329068,-1.291836917,0.043217865,-0.816192913,1.672669599,-0.407637691,-0.683749413,-0.857080964,0.440615895,-0.707606738,22.3
-0.403925517,-0.487240187,-1.033004966,-0.272329068,-0.385708973,-1.014257045,0.707847416,-0.569376892,-0.522484391,-0.665949179,-0.857080964,0.440615895,0.285242853,23.1
0.481158489,-0.487240187,1.014994623,-0.272329068,1.366138385,0.023292362,0.537325421,-0.480570747,1.659602895,1.529412938,0.805778429,-0.925178346,0.500897066,14.9
-0.412880885,1.227845272,-1.441147233,-0.272329068,-1.084721958,0.292286652,-0.858823412,2.37309839,-0.981871188,-0.434546145,0.574825736,0.440615895,-0.934463767,22.9
-0.41852057,2.728545048,-1.040293221,-0.272329068,-1.248687967,-0.564509977,-0.745142082,1.673856847,-0.752177789,0.360530946,1.221493277,0.440615895,0.300646725,18.9
-0.409329198,0.970582453,-0.735644172,-0.272329068,-1.050202799,0.299402903,-1.782484217,0.805741156,-0.292790992,-0.470146612,-1.088033658,0.295043632,-0.55776907,26.4
-0.414192278,-0.487240187,-0.866832757,-0.272329068,-0.342560023,0.044641115,-1.08263353,1.264826188,-0.522484391,-1.093154781,0.805778429,0.361860096,-0.976474328,22.2
-0.341986646,-0.487240187,-0.436825726,-0.272329068,-0.144074855,-0.671253743,0.771793164,0.421215295,-0.63733109,-0.600681657,1.175302739,0.221326452,0.302047077,16.6
-0.402562972,-0.487240187,2.420170141,-0.272329068,0.468640231,-1.18220057,0.857054162,-0.937518732,-0.63733109,1.796416439,0.75958789,0.420790026,0.757161488,15.2
1.09998568,-0.487240187,1.014994623,-0.272329068,0.218376323,-0.813578764,-0.4218608,-0.46128984,1.659602895,1.529412938,0.805778429,0.440615895,0.295045317,20.1
7.476247076,-0.487240187,1.014994623,-0.272329068,1.193542586,-0.856276271,1.116389695,-1.125341355,1.659602895,1.529412938,0.805778429,0.309940417,1.446134688,5
-0.413710969,-0.487240187,-0.866832757,-0.272329068,-0.342560023,-0.426454706,-0.823297996,0.483047168,-0.522484391,-1.093154781,0.805778429,0.440615895,-0.407931403,19
-0.009127843,-0.487240187,1.230726964,3.664771168,2.729645196,-0.18877192,0.498247464,-0.97332613,-0.522484391,-0.031074189,-1.734701199,-2.942816482,0.33145447,15.6
-0.411771782,-0.487240187,2.115521092,-0.272329068,0.227006113,-0.399412952,0.551535588,-0.758719193,-0.867024489,-1.306757581,0.297682503,0.229979731,0.226428068,20.3
-0.377209387,0.456056815,-0.769170144,-0.272329068,-1.067462379,2.810016281,-2.137738373,2.427521836,-0.292790992,-0.464213201,0.297682503,0.440615895,-1.276149663,42.8
-0.400989998,0.456056815,-0.769170144,-0.272329068,-1.067462379,0.21116139,-0.691853958,1.914535748,-0.292790992,-0.464213201,0.297682503,0.197557316,-0.438739148,24.5
-0.409837246,0.048724019,-0.476182302,-0.272329068,-0.264891914,-0.38802695,-0.070159185,0.838414219,-0.522484391,-0.576948013,-1.503748506,0.426376321,-0.031236706,22.9
-0.395643285,0.370302542,-1.137955835,-0.272329068,-0.964767878,0.750573221,-1.292233482,0.145156405,-0.522484391,-1.14062207,-1.642320122,0.440615895,-1.092703547,35.1
-0.394306315,0.370302542,-0.608828539,3.664771168,-0.78267931,2.00161016,-0.595935336,0.271384606,-0.752177789,-1.099088192,0.06672981,0.373470826,-0.850442645,35.2
-0.405067173,-0.487240187,0.405696524,-0.272329068,-1.015683639,0.559857693,-1.331311439,1.028326399,-0.63733109,-0.707483057,-1.134224196,0.440615895,-0.893853558,28.6
-0.401574777,-0.487240187,-0.616116793,-0.272329068,-0.92075595,-0.104800158,-2.205236663,0.914588047,-0.752177789,-1.039754081,-0.256603961,0.413889309,-0.73001237,24.7
-0.328932014,-0.487240187,-0.436825726,-0.272329068,-0.144074855,-0.419338455,0.46627459,0.219810555,-0.63733109,-0.600681657,1.175302739,0.329437681,0.282442149,17.5
-0.412820431,-0.487240187,0.115623985,-0.272329068,0.157967793,0.438881424,0.018654354,-0.625177545,-0.981871188,-0.802417635,1.175302739,0.386834118,-0.417733867,22.4
-0.357309474,0.370302542,-1.044666174,-0.272329068,0.796572249,1.307064055,0.469827132,-0.799228092,-0.522484391,-0.855818336,-2.519940357,0.395706469,-0.428936683,33.8
-0.413037834,-0.487240187,0.115623985,-0.272329068,0.157967793,0.983986256,0.796660955,-0.772918678,-0.981871188,-0.802417635,1.175302739,0.440615895,-0.982075736,23.9
-0.372702057,-0.487240187,-0.719610011,3.664771168,-0.411598343,-0.171692918,0.80731858,-0.354769955,-0.177944293,-0.600681657,-0.487556655,0.422433054,1.233281179,21.7
-0.41803461,3.586087778,-1.409078912,-0.272329068,-1.309096497,1.210283041,-1.942348587,1.832330701,-0.752177789,-0.0370076,-0.672318809,0.30260156,-1.148717628,32.9
-0.262604396,-0.487240187,-0.436825726,-0.272329068,-0.144074855,-0.302631937,1.116389695,0.180441414,-0.63733109,-0.600681657,1.175302739,0.219683424,0.054184768,14.5
-0.415721073,2.942930731,-1.401790657,-0.272329068,-1.300466707,1.40811482,-1.075528447,1.668775425,-0.867024489,-0.470146612,-2.704702512,0.389134357,-0.844841237,34.6
-0.416556969,1.871002319,-1.072361542,-0.272329068,-0.610083512,0.838814735,-1.437887686,1.268150482,-0.522484391,-0.226876756,-0.395175577,0.342800973,-1.126311996,31.2
-0.322382028,-0.487240187,-0.436825726,-0.272329068,-0.144074855,-0.975829289,0.608376252,0.313223223,-0.63733109,-0.600681657,1.175302739,-0.583319029,0.540106923,13.9
-0.135323775,-0.487240187,1.230726964,-0.272329068,0.434121071,0.167040633,0.945867701,-0.727803257,-0.522484391,-0.031074189,-1.734701199,-0.291736362,-0.186675782,22.3
-0.417833484,0.263109701,-1.42219777,-0.272329068,-1.196046249,1.166162284,-0.322389636,2.577684955,-0.752177789,-1.14062207,0.06672981,0.400526017,-0.644590896,33
-0.401644532,-0.487240187,-0.047632922,-0.272329068,-1.222798598,-0.460612711,-1.814457091,0.708671765,-0.63733109,-0.612548479,0.343873042,0.221983663,-0.388326475,21.7
-0.413636563,2.514159366,-1.296839788,-0.272329068,-1.334985867,1.07649752,-2.080897708,1.915153117,-0.522484391,-0.29807769,-1.688510661,0.163272803,-1.108107419,29
-0.381565581,-0.487240187,-0.719610011,-0.272329068,-0.411598343,2.792937279,0.064837394,-0.067978344,-0.177944293,-0.600681657,-0.487556655,0.244000235,-1.21873523,48.3
-0.412976217,0.370302542,-1.137955835,3.664771168,-0.964767878,1.93614065,-0.670538709,0.672864367,-0.522484391,-1.14062207,-1.642320122,0.22340762,-1.350368321,46
-0.414367827,0.927705316,-1.305585694,-0.272329068,-0.713640991,0.803233479,0.061284852,-0.290801037,-0.292790992,-1.105021603,-0.025651268,0.440615895,-0.717409202,28.2
-0.358005861,0.370302542,-1.044666174,-0.272329068,0.796572249,1.758234373,0.73982029,-0.786073385,-0.522484391,-0.855818336,-2.519940357,0.347182381,-0.755218707,43.1
-0.143483937,-0.487240187,1.230726964,-0.272329068,2.729645196,-0.220083425,1.116389695,-1.12833322,-0.522484391,-0.031074189,-1.734701199,-2.012862748,2.121104367,13.8
-0.414677074,2.942930731,-1.401790657,-0.272329068,-1.300466707,1.170432035,-1.135921653,1.668775425,-0.867024489,-0.470146612,-2.704702512,-0.025894464,-0.566171183,30.3
-0.348637776,-0.487240187,-0.719610011,-0.272329068,-0.411598343,0.47446268,0.434301716,-0.248345051,-0.177944293,-0.600681657,-0.487556655,0.440615895,-0.707606738,30.1
-0.409562877,0.370302542,-0.608828539,3.664771168,-0.78267931,-0.51896597,-0.251338805,0.058154876,-0.752177789,-1.099088192,0.06672981,0.379714331,0.139606242,20.7
-0.413937672,-0.487240187,-1.126294627,-0.272329068,-0.566934562,1.130581029,-0.19449814,-0.180719408,-0.867024489,-0.820217869,-0.3027945,0.431414939,-0.973673624,28.7
-0.39820329,-0.487240187,-0.616116793,-0.272329068,-0.92075595,-0.709681499,-1.253155525,0.619913109,-0.752177789,-1.039754081,-0.256603961,0.440615895,0.209623843,20
-0.413537744,-0.487240187,0.24681257,-0.272329068,-1.015683639,-0.074911903,-0.528437047,0.578929311,-0.522484391,-0.060741244,0.112920349,0.325603949,-0.043839875,21.2
-0.379140436,-0.487240187,1.567444334,-0.272329068,0.59808708,0.241049645,1.059549031,-0.923794146,-0.63733109,0.17066179,1.267683816,0.409726972,0.271239333,17.1
-0.415794315,0.370302542,-1.137955835,-0.272329068,-0.964767878,0.972600255,-1.114606404,0.68844106,-0.522484391,-1.14062207,-1.642320122,0.389462963,-1.1291127,35.4
-0.383441988,-0.487240187,-0.719610011,-0.272329068,-0.437487713,2.819979033,0.345488177,-0.427714469,-0.177944293,-0.600681657,-0.487556655,0.310816699,-1.192128541,44.8
-0.415109555,0.713319634,0.568953431,-0.272329068,-0.78267931,-0.050716649,0.309962761,-0.085502124,-0.63733109,-0.820217869,-0.118032345,0.440615895,-0.28890148,20.6
1.326491497,-0.487240187,1.014994623,-0.272329068,0.511789181,-1.395688102,1.020471073,-0.804641943,1.659602895,1.529412938,0.805778429,-0.07879996,1.71640263,12
-0.397080236,-0.487240187,-0.079701243,-0.272329068,-0.566934562,-0.146074414,-0.929874243,0.071404563,-0.63733109,-0.778683991,0.06672981,0.404797889,-0.445740908,25
-0.409447781,-0.487240187,-0.047632922,-0.272329068,-1.222798598,-0.312594689,-2.159053622,0.708671765,-0.63733109,-0.612548479,0.343873042,0.375004318,-0.998879961,22.8
-0.408297988,-0.487240187,0.24681257,-0.272329068,-1.015683639,-0.008019143,0.210491598,0.122123795,-0.522484391,-0.060741244,0.112920349,0.186056121,-0.0956529,20
-0.407709721,2.942930731,-1.34494227,-0.272329068,-1.222798598,-0.496193967,-1.74340626,3.224877549,-0.63733109,-0.440479557,1.637208126,0.212125496,-0.9918782,20.6
-0.330235268,-0.487240187,-0.436825726,-0.272329068,-0.144074855,0.299402903,0.917447368,0.313270713,-0.63733109,-0.600681657,1.175302739,0.342472368,0.020576319,18.4
-0.395543302,0.048724019,-0.476182302,-0.272329068,-0.264891914,-0.930285282,1.116389695,1.086121629,-0.522484391,-0.576948013,-1.503748506,0.328123258,2.41937935,16.5
-0.413856291,-0.487240187,0.405696524,-0.272329068,-1.015683639,0.376258415,-0.624355669,1.028326399,-0.63733109,-0.707483057,-1.134224196,0.396254144,-0.737014131,27.1
0.027457444,-0.487240187,1.014994623,3.664771168,1.858036412,0.157077882,0.796660955,-0.612545227,1.659602895,1.529412938,0.805778429,0.379714331,0.086392864,21.7
-0.410859155,2.085388001,-1.377010591,-0.272329068,-1.240058177,0.418955921,-1.160789444,3.284049986,-0.63733109,0.0163931,-0.071841806,0.154509988,-1.003081017,24.1
-0.412978542,1.227845272,-0.688999341,3.664771168,-0.929385739,0.770498724,-1.455650394,0.507077066,-0.63733109,-0.915152447,-0.395175577,0.402826256,-1.189327837,33.1
-0.391060387,-0.487240187,1.567444334,-0.272329068,0.59808708,-0.608630733,1.052443947,-1.009845876,-0.63733109,0.17066179,1.267683816,0.387381794,1.21367625,13.3
1.151964713,-0.487240187,1.014994623,-0.272329068,0.65849561,-3.446591661,1.116389695,-1.084879946,1.659602895,1.529412938,0.805778429,-2.467324237,0.094794977,23.1
-0.403765081,-0.487240187,-0.079701243,-0.272329068,-0.566934562,0.128612878,-1.28868094,0.071404563,-0.63733109,-0.778683991,0.06672981,0.319141373,-0.458344076,28.1
0.593291831,-0.487240187,1.014994623,-0.272329068,1.193542586,0.265244898,1.073759197,-0.982729133,1.659602895,1.529412938,0.805778429,0.386724583,0.625528397,13.1
0.142084524,-0.487240187,1.014994623,-0.272329068,0.244265693,-0.540314723,-0.546199754,-0.305237972,1.659602895,1.529412938,0.805778429,0.345539353,-0.168471205,20.6
-0.395500287,-0.487240187,-0.375604386,-0.272329068,-0.299411074,-0.210120673,0.668769459,-0.51305385,-0.522484391,-0.143809,1.1291122,0.413998845,0.110198849,19.3
-0.404305682,-0.487240187,-0.079701243,3.664771168,-0.566934562,-0.314017939,-0.336599802,0.210929941,-0.63733109,-0.778683991,0.06672981,0.269960074,0.281041797,24.4
0.969311483,-0.487240187,1.014994623,-0.272329068,0.900129728,-0.963020037,1.116389695,-1.191922219,1.659602895,1.529412938,0.805778429,-0.269281649,-0.073247267,27.9
-0.308985598,-0.487240187,-0.436825726,-0.272329068,-0.144074855,-0.338213193,0.718505041,0.312653344,-0.63733109,-0.600681657,1.175302739,-0.550896614,0.647934029,14.8
-0.392079971,-0.487240187,-0.547607199,-0.272329068,-0.532415402,-0.286976185,-0.883691203,0.769743799,-0.522484391,-0.71934988,0.528635197,0.440615895,0.019175967,22.2
0.006992516,-0.487240187,1.014994623,-0.272329068,0.244265693,0.038948114,-0.592382795,0.093392395,1.659602895,1.529412938,0.805778429,0.349920761,-0.290301832,21.2
-0.369446828,-0.487240187,-0.079701243,3.664771168,-0.566934562,-1.338758093,1.116389695,0.037971662,-0.63733109,-0.778683991,0.06672981,0.440615895,1.46153856,20
-0.417712575,3.157316413,-1.515487431,-0.272329068,-1.248687967,0.139998879,-1.167894527,2.560921014,-0.867024489,-0.56508119,-0.533747193,0.440615895,-0.96387116,24.7
-0.394278413,-0.487240187,-0.164244998,-0.272329068,-0.066406745,-0.274166933,0.952972784,-0.592219542,-0.407637691,0.140994734,-0.3027945,0.440615895,0.621327341,18.7
-0.405477564,1.442230954,-1.121921674,-0.272329068,-1.015683639,0.386221166,-1.40236227,0.36645942,-0.522484391,-0.060741244,-1.503748506,0.286609423,-1.133313756,29.8
1.859616644,-0.487240187,1.014994623,-0.272329068,1.003687208,1.463621579,1.041786323,-1.177152855,1.659602895,1.529412938,0.805778429,0.440615895,0.110198849,15
-0.25573005,-0.487240187,1.230726964,3.664771168,2.729645196,-0.221506675,0.974288033,-0.971474023,-0.522484391,-0.031074189,-1.734701199,-0.3905371,0.34545799,17
-0.357264133,0.370302542,-1.044666174,-0.272329068,0.175227373,1.687071862,-0.567515004,-0.43835221,-0.522484391,-0.855818336,-2.519940357,0.368322672,-1.32936304,43.5
-0.411788058,-0.487240187,-0.968868324,-0.272329068,-0.91212616,-0.232892677,-0.418308258,-0.022530493,-0.752177789,-0.956686325,0.020539271,0.421447237,-0.589977167,22.2
-0.415530409,-0.487240187,-1.126294627,-0.272329068,-0.566934562,0.171310384,0.189176348,-0.333826902,-0.867024489,-0.820217869,-0.3027945,0.403921608,-0.623585616,22
-0.096934161,-0.487240187,1.230726964,-0.272329068,2.729645196,-1.966411438,1.038233781,-1.16309584,-0.522484391,-0.031074189,-1.734701199,0.440615895,2.32975682,11.8
-0.378470788,-0.487240187,-0.719610011,3.664771168,-0.411598343,0.948405001,0.707847416,-0.443243672,-0.177944293,-0.600681657,-0.487556655,0.383657598,-0.412132459,26.7
-0.409290833,-0.487240187,2.115521092,-0.272329068,0.227006113,-0.460612711,0.864159245,-0.811195552,-0.867024489,-1.306757581,0.297682503,0.234580209,0.738956911,20.5
-0.418827491,1.871002319,-1.295382137,-0.272329068,-1.429913556,0.239626394,-1.302891107,1.667968097,-0.981871188,-0.642215535,-1.457557967,0.416737224,-0.61938456,22
-0.409518699,-0.487240187,-1.264771467,-0.272329068,-0.575564352,1.238748045,0.839291454,-0.519749928,-0.752177789,-1.277090526,-0.3027945,0.410165113,-1.096904603,37.9
-0.405270625,0.799073907,-0.904731682,-0.272329068,-1.093351748,0.154231381,-2.159053622,1.538890501,-0.407637691,-0.642215535,-0.857080964,0.197557316,-1.045091578,23.7
0.256654638,-0.487240187,1.014994623,-0.272329068,1.366138385,0.325021407,0.757582998,-0.471785112,1.659602895,1.529412938,0.805778429,0.406879058,-0.330912041,20.2
1.246308229,-0.487240187,1.014994623,-0.272329068,1.253951116,-1.999146193,1.116389695,-1.047410401,1.659602895,1.529412938,0.805778429,0.177950518,2.51600364,10.2
-0.359579996,-0.487240187,-0.719610011,3.664771168,-0.411598343,0.492964932,0.281542429,0.167619136,-0.177944293,-0.600681657,-0.487556655,0.348058662,-0.435938444,25.1
-0.345933611,-0.487240187,-0.436825726,-0.272329068,-0.144074855,-0.268473932,0.565745754,0.316689987,-0.63733109,-0.600681657,1.175302739,0.2557205,-0.335113097,18.2
-0.144730225,-0.487240187,1.230726964,-0.272329068,2.729645196,-1.933676683,0.963630408,-1.108529925,-0.522484391,-0.031074189,-1.734701199,0.383767133,2.363365269,14.6
-0.417559114,2.085388001,-1.196261873,-0.272329068,-1.326356077,0.733494219,-2.08445025,1.151420265,-0.981871188,-0.849884924,-1.318986351,0.401949974,-1.06749721,31.1
-0.328757627,0.370302542,-1.044666174,-0.272329068,0.796572249,1.038069765,0.569298295,-0.78935019,-0.522484391,-0.855818336,-2.519940357,0.300082251,0.299246373,30.7
-0.415059564,0.413179679,-0.801238464,-0.272329068,-0.998424059,-0.241432178,-0.198050682,1.434032764,-0.63733109,-0.980419969,-0.764699887,0.408522085,-0.451342316,20.5
-0.412584427,2.514159366,-1.296839788,-0.272329068,-1.334985867,0.085915371,-1.722091011,1.915153117,-0.522484391,-0.29807769,-1.688510661,0.12668805,-1.075899322,22.5
-0.358841757,-0.487240187,-0.719610011,-0.272329068,-0.437487713,3.473250881,0.51245763,-0.427714469,-0.177944293,-0.600681657,-0.487556655,0.277408467,-1.123511291,50
-0.416731356,1.227845272,-1.441147233,-0.272329068,-1.084721958,0.931325998,-1.210525026,2.37309839,-0.981871188,-0.434546145,0.574825736,0.363393588,-0.947066935,26.6
0.070785706,-0.487240187,1.014994623,3.664771168,1.858036412,-0.685486245,0.725610124,-0.897722181,1.659602895,1.529412938,0.805778429,-0.039805433,0.278241093,16.8
-0.392302024,-0.487240187,-0.210889829,-0.272329068,0.261525273,-0.378064199,-0.116342226,-0.658183038,-0.407637691,-0.102275122,0.343873042,0.440615895,0.037380543,21.2
-0.417766054,3.586087778,-1.232703146,-0.272329068,-1.196046249,2.489784983,-1.302891107,0.628271335,-0.63733109,-1.093154781,-1.734701199,0.371061052,-1.368572897,50
-0.406778493,0.370302542,-0.608828539,-0.272329068,-0.78267931,0.360602663,-0.350809969,0.058154876,-0.752177789,-1.099088192,0.06672981,0.419366069,-0.689402161,24.4
-0.2108044,-0.487240187,1.230726964,-0.272329068,0.434121071,-0.580165729,0.377461051,-0.650204732,-0.522484391,-0.031074189,-1.734701199,-1.413705278,-0.071846915,23.8
-0.317649158,-0.487240187,1.567444334,-0.272329068,0.59808708,-0.921745781,0.928104993,-0.862009763,-0.63733109,0.17066179,1.267683816,0.440615895,0.796371345,14.3
-0.410569673,-0.487240187,0.405696524,-0.272329068,-1.015683639,-0.392296701,-0.933426784,0.810965047,-0.63733109,-0.707483057,-1.134224196,0.440615895,-0.315508169,21.7
-0.35150354,-0.487240187,1.567444334,-0.272329068,0.59808708,0.124343127,1.041786323,-0.6969823,-0.63733109,0.17066179,1.267683816,0.318593697,-0.214682823,23
-0.41575595,-0.487240187,-0.866832757,-0.272329068,-0.342560023,0.036101614,-1.068423364,1.264826188,-0.522484391,-1.093154781,0.805778429,0.358464505,-0.826636661,20.7
-0.408378206,-0.487240187,-0.164244998,-0.272329068,-0.066406745,0.61251795,0.462722049,-0.530720099,-0.407637691,0.140994734,-0.3027945,0.426266786,-0.349116618,22.8
1.42542721,-0.487240187,1.014994623,-0.272329068,1.003687208,0.370565414,1.084416821,-1.080795813,1.659602895,1.529412938,0.805778429,0.440615895,1.180067802,10.9
-0.407281891,0.584688225,-0.875578663,-0.272329068,-0.877607,0.243896145,-0.027528687,1.629121344,-0.177944293,-0.737150113,0.574825736,0.440615895,-0.829437365,22.2
-0.355255192,-0.487240187,1.567444334,-0.272329068,0.59808708,0.071682869,1.052443947,-0.799892951,-0.63733109,0.17066179,1.267683816,0.416189548,0.603122764,18.1
-0.418356646,3.371702096,-1.446977837,3.664771168,-1.326356077,2.331804209,-1.555121557,0.992519001,-0.981871188,-1.24742347,-2.242797125,0.425500039,-1.32936304,50
0.310937908,-0.487240187,1.014994623,-0.272329068,1.599142714,0.08022237,0.988498199,-0.818271549,1.659602895,1.529412938,0.805778429,-0.423507192,0.719351983,14.9
-0.414070206,-0.487240187,-0.968868324,-0.272329068,-0.91212616,-0.3837572,-0.833955621,0.300210985,-0.752177789,-0.956686325,0.020539271,0.430648193,0.028978431,22.5
-0.414838673,-0.487240187,0.115623985,-0.272329068,0.157967793,-0.234315927,0.288647512,-0.715930777,-0.981871188,-0.802417635,1.175302739,0.440615895,-0.500354637,20.6
0.839462719,-0.487240187,1.014994623,-0.272329068,1.072725527,0.707875715,0.789555872,-0.938183591,1.659602895,1.529412938,0.805778429,-3.670568261,1.839633609,7.5
1.766830989,-0.487240187,1.014994623,-0.272329068,0.365082752,-2.357805247,1.116389695,-1.064316811,1.659602895,1.529412938,0.805778429,-3.591483857,3.041135653,17.9
1.357253412,-0.487240187,1.014994623,-0.272329068,1.003687208,0.518583436,0.878369411,-1.163570739,1.659602895,1.529412938,0.805778429,0.069510683,1.482543841,13.9
0.109555485,-0.487240187,1.014994623,-0.272329068,1.409287335,-3.876413226,0.686532167,-1.03615529,1.659602895,1.529412938,0.805778429,-0.021622592,-0.774823635,27.5
-0.368741141,-0.487240187,-0.719610011,-0.272329068,-0.437487713,0.380528166,-1.67590797,-0.199430436,-0.177944293,-0.600681657,-0.487556655,0.259225626,-1.245341918,31.5
0.647964566,-0.487240187,1.014994623,-0.272329068,1.253951116,-1.065494052,1.116389695,-1.051731983,1.659602895,1.529412938,0.805778429,0.440615895,1.532956514,11.3
0.664481366,-0.487240187,1.014994623,-0.272329068,1.366138385,-0.141804663,1.070206655,-0.728230666,1.659602895,1.529412938,0.805778429,0.440615895,0.766963952,14.1
9.92410961,-0.487240187,1.014994623,-0.272329068,1.003687208,0.972600255,0.828633829,-1.129567958,1.659602895,1.529412938,0.805778429,0.440615895,0.638131565,10.4
-0.417145235,1.871002319,-1.072361542,-0.272329068,-0.610083512,0.585476196,-0.432518424,0.919906918,-0.522484391,-0.226876756,-0.395175577,0.440615895,-0.766421523,23.9
-0.263985543,-0.487240187,1.230726964,-0.272329068,0.434121071,-0.311171439,1.116389695,-0.967722319,-0.522484391,-0.031074189,-1.734701199,-0.030494942,-0.871447926,24.3
0.340082672,-0.487240187,1.014994623,3.664771168,0.65849561,1.040916265,1.027576156,-1.231243871,1.659602895,1.529412938,0.805778429,0.38749133,-1.357370081,50
-0.412284481,-0.487240187,-1.151074693,-0.272329068,-0.81719847,0.068836369,-1.825114716,0.674146595,-0.63733109,0.129127912,-0.718509348,0.203034075,-0.744015891,22.6
0.195258692,-0.487240187,1.014994623,-0.272329068,1.253951116,-0.332520192,0.494694923,-0.772776208,1.659602895,1.529412938,0.805778429,0.23775673,0.85518613,23.2
0.239079888,-0.487240187,1.014994623,3.664771168,0.65849561,0.566973944,1.002708366,-1.157966929,1.659602895,1.529412938,0.805778429,0.204348498,-1.249542974,50
-0.159408983,-0.487240187,1.230726964,-0.272329068,0.434121071,-0.612900484,0.825081288,-0.652056838,-0.522484391,-0.031074189,-1.734701199,0.421009097,-0.141864517,22.7
-0.386433311,-0.487240187,-0.210889829,-0.272329068,0.261525273,-1.273288584,0.153650933,-0.473209809,-0.407637691,-0.102275122,0.343873042,0.440615895,1.188469914,19.7
0.671635895,-0.487240187,1.014994623,-0.272329068,1.599142714,-0.935978283,0.89968466,-0.939275859,1.659602895,1.529412938,0.805778429,0.440615895,1.432131167,12.8
-0.399427488,-0.487240187,-0.210889829,-0.272329068,0.261525273,-1.018526795,0.174966182,-0.66255211,-0.407637691,-0.102275122,0.343873042,0.428238419,0.342657286,17.5
-0.414818909,-0.487240187,-1.151074693,-0.272329068,-0.81719847,-0.200157922,-1.292233482,0.987105151,-0.63733109,0.129127912,-0.718509348,0.130302712,-0.498954285,19.8
1.234973056,-0.487240187,1.014994623,-0.272329068,1.193542586,0.083068871,1.116389695,-1.054723848,1.659602895,1.529412938,0.805778429,0.440615895,1.073641047,7.2
0.171672232,-0.487240187,1.014994623,-0.272329068,1.366138385,0.017599361,0.825081288,-0.677606414,1.659602895,1.529412938,0.805778429,0.31125484,0.646533677,16.1
-0.418436864,3.80047346,-1.430943676,-0.272329068,-1.240058177,0.756266222,-0.997372532,2.151178006,-0.522484391,-0.903285625,-1.549939045,0.39680182,-1.21873523,31.6
-0.414220179,-0.487240187,-0.968868324,-0.272329068,-0.91212616,0.148538381,-0.730931915,0.467470475,-0.752177789,-0.956686325,0.020539271,0.440615895,-0.424735627,23.9
-0.400182004,-0.487240187,-0.164244998,-0.272329068,-0.066406745,-0.507579968,0.697189791,-0.632538482,-0.407637691,0.140994734,-0.3027945,-0.12885754,0.43508052,18.3
-0.227508376,-0.487240187,1.230726964,-0.272329068,2.729645196,-0.231469427,1.020471073,-1.033875774,-0.522484391,-0.031074189,-1.734701199,0.176636095,0.202622083,21.5
0.47183342,-0.487240187,1.014994623,-0.272329068,1.193542586,-0.765188257,1.077311738,-1.026562327,1.659602895,1.529412938,0.805778429,0.398992524,1.017626966,8.5
-0.403296561,0.048724019,-0.476182302,-0.272329068,-0.264891914,-0.160306916,0.977840575,1.023624897,-0.522484391,-0.576948013,-1.503748506,0.440615895,0.909799859,27.1
-0.410933561,2.942930731,-0.90181638,-0.272329068,-1.240058177,1.228785293,-1.452097852,0.627653966,-0.63733109,-0.968553147,0.343873042,0.440615895,-1.273348959,37.3
-0.39401567,-0.487240187,-0.210889829,-0.272329068,0.261525273,-0.366678197,0.395223759,-0.615869521,-0.407637691,-0.102275122,0.343873042,0.440615895,0.23483018,16.8
-0.380447177,-0.487240187,-0.547607199,-0.272329068,-0.532415402,0.185542886,-1.011582699,0.439783853,-0.522484391,-0.71934988,0.528635197,0.440615895,-0.914858839,25
0.009252575,-0.487240187,1.014994623,-0.272329068,1.366138385,0.130036128,0.704294875,-0.583148968,1.659602895,1.529412938,0.805778429,0.380700148,0.279641445,17.7
1.682381045,-0.487240187,1.014994623,-0.272329068,1.072725527,0.21258464,1.116389695,-0.930965123,1.659602895,1.529412938,0.805778429,-3.608352275,2.296148371,7.2
-0.41212637,-0.487240187,-1.202092476,-0.272329068,-0.946645319,1.610216351,-0.215813389,-0.142395045,-0.867024489,-0.784617402,-0.210413422,0.440615895,-0.905056374,33.2
-0.412354236,-0.487240187,-1.033004966,-0.272329068,-0.385708973,0.371988664,-1.260260608,-0.314735955,-0.522484391,-0.665949179,-0.857080964,0.375551994,-1.025486649,29.4
-0.399819278,-0.487240187,-0.079701243,3.664771168,-0.566934562,-0.462035961,0.835738912,0.03896895,-0.63733109,-0.778683991,0.06672981,0.400635552,0.646533677,21.7
-0.403272146,-0.487240187,-0.164244998,-0.272329068,-0.066406745,-0.78796026,-0.119894767,-0.491920837,-0.407637691,0.140994734,-0.3027945,0.381466894,0.134004834,19.3
1.213407163,-0.487240187,1.014994623,-0.272329068,0.365082752,0.529969438,1.116389695,-1.07685415,1.659602895,1.529412938,0.805778429,-3.52291483,1.19967273,17.2
-0.415601327,1.763809478,-0.847883295,-0.272329068,-1.291836917,-0.107646658,-1.324206356,1.672669599,-0.407637691,-0.683749413,-0.857080964,0.440615895,-0.772022931,23.2
-0.41656627,-0.487240187,-0.866832757,-0.272329068,-0.342560023,-0.554547225,-0.318837095,0.864296224,-0.522484391,-1.093154781,0.805778429,0.417723041,-0.293102536,18.5
-0.410921935,-0.487240187,0.24681257,-0.272329068,-1.015683639,-0.016558644,-2.22299937,0.216771201,-0.522484391,-0.060741244,0.112920349,0.418927928,-0.822435605,24.1
2.595705326,-0.487240187,1.014994623,-0.272329068,1.072725527,-1.395688102,0.729162665,-1.019866249,1.659602895,1.529412938,0.805778429,-2.511795523,1.958663532,10.4
0.139347806,-0.487240187,1.014994623,-0.272329068,1.366138385,0.592592447,0.76113554,-0.568712033,1.659602895,1.529412938,0.805778429,-1.111169093,0.527503755,16.4
-0.407930612,1.227845272,-0.688999341,3.664771168,-0.929385739,1.398152069,-0.6954065,0.471174688,-0.63733109,-0.915152447,-0.395175577,0.356821477,-0.924661303,33.2
-0.034002444,-0.487240187,1.230726964,3.664771168,2.729645196,-1.254786331,1.116389695,-1.17463589,-0.522484391,-0.031074189,-1.734701199,0.440615895,1.983869868,13.4
0.228743373,-0.487240187,1.014994623,-0.272329068,1.366138385,0.215431141,0.686532167,-0.702491131,1.659602895,1.529412938,0.805778429,-2.809402625,0.499496714,14.3
1.42378797,-0.487240187,1.014994623,-0.272329068,1.072725527,-0.553123975,0.952972784,-0.895395175,1.659602895,1.529412938,0.805778429,-3.822712635,1.643584324,8.3
-0.412641393,-0.487240187,-0.754593634,-0.272329068,-0.480636662,-0.500463717,-0.01331852,-0.206458943,-0.522484391,-0.766817169,0.343873042,0.440615895,-0.416333515,18.9
4.408007629,-0.487240187,1.014994623,-0.272329068,1.193542586,-1.072610303,0.597718628,-1.038909706,1.659602895,1.529412938,0.805778429,-0.298089403,2.062289582,8.5
2.41587717,-0.487240187,1.014994623,-0.272329068,1.253951116,-2.323647242,1.116389695,-1.10549057,1.659602895,1.529412938,0.805778429,0.440615895,2.188321265,10.5
0.685935651,-0.487240187,1.014994623,-0.272329068,1.366138385,0.631020203,0.906789743,-0.61686681,1.659602895,1.529412938,0.805778429,-3.833666154,0.84818437,14.9
-0.395211967,0.456056815,-0.769170144,-0.272329068,-1.067462379,0.218277641,-2.119975665,1.710424083,-0.292790992,-0.464213201,0.297682503,0.22340762,-1.269147903,24.8
-0.405202032,0.048724019,-0.738559474,-0.272329068,-1.257317757,-0.568779727,-1.263813149,1.283632195,-0.63733109,-0.375212034,0.205301426,0.440615895,-0.540964846,20.9
0.732778398,-0.487240187,1.014994623,-0.272329068,1.193542586,-0.615746985,0.327725469,-1.089723917,1.659602895,1.529412938,0.805778429,-0.202793791,2.424980758,6.3
-0.332877817,-0.487240187,-0.436825726,-0.272329068,-0.144074855,-0.513272969,0.906789743,0.287103768,-0.63733109,-0.600681657,1.175302739,0.412465352,0.51069953,15.6
0.132400217,-0.487240187,1.014994623,-0.272329068,1.366138385,0.34210041,0.636796585,-0.64550323,1.659602895,1.529412938,0.805778429,-3.349082489,0.766963952,14.1
1.390700891,-0.487240187,1.014994623,-0.272329068,0.218376323,-0.510426469,0.086152643,-0.42106588,1.659602895,1.529412938,0.805778429,0.13216481,0.766963952,19.1
-0.407808541,-0.487240187,2.420170141,-0.272329068,0.468640231,-0.429301206,1.073759197,-0.915103491,-0.63733109,1.796416439,0.75958789,0.366241503,0.75856184,13.6
-0.297573695,-0.487240187,-0.436825726,-0.272329068,-0.144074855,-0.497617217,-1.395257187,0.334118787,-0.63733109,-0.600681657,1.175302739,0.330533033,-0.850442645,23.1
-0.390623256,-0.487240187,-0.180279159,-0.272329068,-0.092296115,-0.824964766,0.324172928,0.071214604,-0.63733109,-0.61848189,-0.025651268,0.435358206,-0.161469445,16.2
-0.415973353,0.584688225,-0.914935239,-0.272329068,-1.110611328,-0.167423167,-0.777114956,0.762525331,-0.63733109,-0.754950346,0.251491965,0.372046868,-0.720209906,22.9
-0.416030319,2.942930731,-0.90181638,-0.272329068,-1.240058177,0.820312482,-1.444992769,0.627653966,-0.63733109,-0.968553147,0.343873042,0.440615895,-1.305557056,28.5
0.396331868,-0.487240187,1.014994623,-0.272329068,1.409287335,-0.396566452,0.949420242,-0.912016646,1.659602895,1.529412938,0.805778429,-0.40192876,0.426678408,14.2
-0.413071549,-0.487240187,-1.264771467,-0.272329068,-0.575564352,-0.18734867,0.007996729,-0.244735817,-0.752177789,-1.277090526,-0.3027945,0.333380947,0.06958864,29.6
-0.380566923,-0.487240187,1.567444334,-0.272329068,0.59808708,0.246742645,1.077311738,-0.796188738,-0.63733109,0.17066179,1.267683816,0.42024235,-0.007430722,19.2
-0.415496694,-0.487240187,-0.866832757,-0.272329068,-0.342560023,-0.352445695,-1.210525026,1.040151389,-0.522484391,-1.093154781,0.805778429,0.440615895,-0.650192305,21.1
-0.415941963,0.370302542,-1.137955835,-0.272329068,-0.964767878,2.185209437,-0.144762558,0.427246515,-0.522484391,-1.14062207,-1.642320122,0.335571651,-1.245341918,45.4
-0.410946349,1.442230954,-1.121921674,-0.272329068,-1.015683639,0.707875715,-0.976057283,-0.003059627,-0.522484391,-0.060741244,-1.503748506,0.407426733,-0.836439125,32
1.258468834,-0.487240187,1.014994623,-0.272329068,0.365082752,0.80750323,1.116389695,-1.106297898,1.659602895,1.529412938,0.805778429,-1.942212553,0.998022037,27.5
-0.397858003,0.456056815,-0.769170144,-0.272329068,-1.067462379,-0.967289788,0.057732311,1.975512802,-0.292790992,-0.464213201,0.297682503,0.355507055,0.813175569,18.5
-0.382592141,-0.487240187,1.567444334,-0.272329068,0.59808708,-0.487654465,0.885474494,-0.868183453,-0.63733109,0.17066179,1.267683816,0.236332772,0.594720652,17.4
-0.288635766,-0.487240187,-0.436825726,-0.272329068,-0.144074855,-0.813578764,0.906789743,0.207985566,-0.63733109,-0.600681657,1.175302739,0.038293155,1.392921311,12.7
-0.408466562,-0.487240187,-1.264771467,-0.272329068,-0.575564352,0.396183918,0.960077867,-0.450224689,-0.752177789,-1.277090526,-0.3027945,0.440615895,-0.976474328,32.5
-0.409345474,0.799073907,-0.904731682,-0.272329068,-1.093351748,0.457383677,-0.936979326,1.13731576,-0.407637691,-0.642215535,-0.857080964,0.29690573,-0.739814835,23.3
-0.415847794,0.584688225,-0.914935239,-0.272329068,-1.110611328,0.024715612,-1.292233482,0.762525331,-0.63733109,-0.754950346,0.251491965,0.440615895,-0.830837717,24.8
-0.409198989,0.048724019,-0.476182302,-0.272329068,-0.264891914,-0.563086727,-1.050660656,0.78636527,-0.522484391,-0.576948013,-1.503748506,0.370513376,0.42807876,21.7
-0.413381958,-0.487240187,-1.264771467,-0.272329068,-0.575564352,0.989679257,-0.361467593,-0.458772875,-0.752177789,-1.277090526,-0.3027945,0.440615895,-1.066096858,37.2
-0.403790658,0.456056815,-0.769170144,-0.272329068,-1.067462379,0.288016902,-1.974321461,1.710424083,-0.292790992,-0.464213201,0.297682503,0.433824713,-0.945666583,24.4
-0.409043203,-0.487240187,0.24681257,-0.272329068,-1.015683639,0.001943608,-0.837508162,0.336018383,-0.522484391,-0.060741244,0.112920349,0.290881295,-0.519959566,21.4
1.53440763,-0.487240187,1.014994623,-0.272329068,1.253951116,-1.434115858,1.048891406,-1.125008926,1.659602895,1.529412938,0.805778429,0.440615895,2.542610329,7.2
2.491712382,-0.487240187,1.014994623,-0.272329068,1.193542586,-0.423608206,1.116389695,-1.04774283,1.659602895,1.529412938,0.805778429,0.440615895,1.976868108,5.6
0.32907186,-0.487240187,1.014994623,-0.272329068,0.252895483,0.199775388,0.221149222,-0.757294495,1.659602895,1.529412938,0.805778429,-2.833938506,-0.087250788,16.1
-0.052307295,-0.487240187,1.014994623,-0.272329068,0.865610569,-0.748109254,-0.723826832,-0.345984321,1.659602895,1.529412938,0.805778429,-0.243979021,0.206823139,19.9
-0.375674779,-0.487240187,-0.719610011,-0.272329068,-0.437487713,2.498324485,0.636796585,-0.275129364,-0.177944293,-0.600681657,-0.487556655,0.336338397,-1.333564096,37.6
0.007521491,-0.487240187,1.014994623,-0.272329068,1.858036412,-1.31313959,0.981393116,-0.803264735,1.659602895,1.529412938,0.805778429,0.264154709,-0.344915562,20.8
-0.416021019,3.586087778,-1.232703146,-0.272329068,-1.196046249,2.232176694,-1.256708066,0.628271335,-0.63733109,-1.093154781,-1.734701199,0.395487398,-1.238340158,48.5
-0.391592849,-0.487240187,-0.180279159,-0.272329068,-0.092296115,-0.7153745,0.111020434,0.112388362,-0.63733109,-0.61848189,-0.025651268,0.440615895,0.460286857,19.8
-0.419366929,0.284548269,-1.286636232,-0.272329068,-0.144074855,0.41326292,-0.119894767,0.140074984,-0.981871188,-0.665949179,-1.457557967,0.440615895,-1.07449897,24
-0.408936245,1.227845272,-0.688999341,-0.272329068,-0.929385739,0.81034973,-0.915664077,0.224274608,-0.63733109,-0.915152447,-0.395175577,0.440615895,-1.354569377,32
-0.417197552,-0.487240187,-1.347857572,-0.272329068,-0.316670654,0.363449163,-0.315284553,1.173882996,-0.981871188,0.081660623,-1.180414735,0.364598476,-0.560569774,16.5
-0.379278783,-0.487240187,-0.547607199,-0.272329068,-0.532415402,-0.346752694,-0.663433626,0.439783853,-0.522484391,-0.71934988,0.528635197,0.440615895,-0.693603218,20.4
0.056254596,-0.487240187,1.230726964,-0.272329068,2.729645196,-1.162275067,1.116389695,-1.131799984,-0.522484391,-0.031074189,-1.734701199,0.440615895,1.927855787,15.6
-0.411378829,0.927705316,-1.305585694,-0.272329068,-0.713640991,1.615909352,0.118125517,-0.330455118,-0.292790992,-1.105021603,-0.025651268,0.440615895,-0.865846518,33.4
-0.409786092,0.413179679,-0.801238464,-0.272329068,-0.998424059,-0.457766211,-0.812640371,1.434032764,-0.63733109,-0.980419969,-0.764699887,0.42593818,0.111599201,19.7
-0.411948495,-0.487240187,0.401323571,-0.272329068,-0.040517375,0.508620685,0.587061003,-0.177585074,-0.522484391,-0.784617402,-0.949462042,0.395487398,-0.414933163,28.7
-0.412067078,1.442230954,-1.121921674,-0.272329068,-1.015683639,0.646675956,-1.341969064,1.27498903,-0.522484391,-0.060741244,-1.503748506,0.361860096,-1.115109179,30.5
-0.393447167,-0.487240187,-0.616116793,-0.272329068,-0.92075595,-0.362408446,0.601271169,0.899628723,-0.752177789,-1.039754081,-0.256603961,0.395049257,0.860787538,16.6
-0.272051536,-0.487240187,1.230726964,3.664771168,0.434121071,-0.049293399,0.85350162,-0.948203963,-0.522484391,-0.031074189,-1.734701199,-0.194469117,-1.001680665,27
-0.388784052,-0.487240187,-0.180279159,-0.272329068,-0.092296115,-0.026521396,0.505352547,-0.252761613,-0.63733109,-0.61848189,-0.025651268,0.402169045,-0.665596177,21.6
-0.404683521,-0.487240187,-0.375604386,-0.272329068,-0.299411074,-0.617170235,0.999155824,-0.801697568,-0.522484391,-0.143809,1.1291122,0.409398367,0.534505515,19.5
1.170089364,-0.487240187,1.014994623,-0.272329068,1.599142714,-0.497617217,0.686532167,-0.937661202,1.659602895,1.529412938,0.805778429,-3.151590547,2.992123331,8.4
-0.410370871,1.442230954,-1.121921674,-0.272329068,-1.015683639,1.281445551,-1.054213197,0.36645942,-0.522484391,-0.060741244,-1.503748506,0.440615895,-1.017084537,34.9
-0.246142237,-0.487240187,1.230726964,-0.272329068,2.729645196,-1.253363081,1.116389695,-1.046413113,-0.522484391,-0.031074189,-1.734701199,-0.165113687,0.087793216,19.6
0.7695683,-0.487240187,1.014994623,-0.272329068,0.511789181,-0.141804663,0.999155824,-0.771493981,1.659602895,1.529412938,0.805778429,0.252215374,0.752960432,14.6
-0.016188203,-0.487240187,1.014994623,3.664771168,1.409287335,3.551529643,0.508905089,-0.897722181,1.659602895,1.529412938,0.805778429,-0.02326562,-1.031088057,21.9
-0.276816959,-0.487240187,-0.436825726,-0.272329068,-0.144074855,-0.203004422,0.821528746,0.086363887,-0.63733109,-0.600681657,1.175302739,0.440615895,0.849584722,15.2
-0.409979081,-0.487240187,0.24681257,-0.272329068,-1.015683639,-0.205850923,-0.80908783,0.140312434,-0.522484391,-0.060741244,0.112920349,0.33173792,-0.333712745,20.8
-0.342963214,0.370302542,-1.044666174,-0.272329068,0.796572249,1.492086583,1.116389695,-0.902518663,-0.522484391,-0.855818336,-2.519940357,0.291538506,-0.681000049,36
-0.404852095,-0.487240187,-0.375604386,-0.272329068,-0.299411074,-0.224353176,0.590613545,-0.794336631,-0.522484391,-0.143809,1.1291122,0.339733988,0.201221731,20.4
0.08548074,-0.487240187,1.014994623,-0.272329068,0.218376323,-0.167423167,0.547983046,-0.361703483,1.659602895,1.529412938,0.805778429,0.440615895,0.509299178,19.9
0.584922404,-0.487240187,1.014994623,-0.272329068,1.193542586,-0.130418661,0.85350162,-0.951623237,1.659602895,1.529412938,0.805778429,0.440615895,0.352459751,13.8
-0.080162756,-0.487240187,1.230726964,-0.272329068,0.434121071,-0.261357681,0.867711786,-0.717877864,-0.522484391,-0.031074189,-1.734701199,-1.276238619,-0.398128939,25
-0.41295064,-0.487240187,-0.866832757,-0.272329068,-0.342560023,-0.45064996,-0.357915052,0.483047168,-0.522484391,-1.093154781,0.805778429,0.440615895,-0.470947244,18.7
0.122688009,-0.487240187,1.014994623,-0.272329068,1.366138385,-0.439263958,0.686532167,-0.576737829,1.659602895,1.529412938,0.805778429,-3.792042783,0.890194931,12.7
3.95840236,-0.487240187,1.014994623,-0.272329068,1.072725527,-0.11760941,0.359698343,-0.917572967,1.659602895,1.529412938,0.805778429,-3.700690438,0.261436868,10.9
-0.410442951,-0.487240187,-1.264771467,-0.272329068,-0.575564352,-0.968713038,0.754030456,-0.383311396,-0.752177789,-1.277090526,-0.3027945,0.375990135,0.185817859,26.4
-0.415976841,2.942930731,-1.092768655,-0.272329068,-1.404024186,-0.581588979,-1.757616426,2.576450217,-0.981871188,-0.553214368,-0.949462042,0.421775843,-0.476548653,20.9
1.197444914,-0.487240187,1.014994623,-0.272329068,1.366138385,-0.109069908,0.938762618,-0.746941693,1.659602895,1.529412938,0.805778429,-2.804583076,0.352459751,11.7
-0.419048382,3.371702096,-1.190431269,-0.272329068,-1.334985867,1.14339028,-1.69722322,1.667968097,-0.981871188,-0.731216702,-1.457557967,0.416737224,-0.672597937,32.2
-0.418356646,2.942930731,-1.33036576,-0.272329068,-1.032943219,0.498657933,-1.381047021,2.160296071,-0.63733109,-0.760883758,-0.672318809,0.375332924,-0.933063415,24.5
-0.383100189,-0.487240187,-0.180279159,-0.272329068,-0.092296115,-0.527505471,0.519562713,0.096669199,-0.63733109,-0.61848189,-0.025651268,0.372704079,0.794970993,17.8
-0.415438565,2.942930731,-1.401790657,-0.272329068,-1.300466707,1.426617073,-1.224735192,1.668775425,-0.867024489,-0.470146612,-2.704702512,0.440615895,-1.200530653,33.3
-0.415101417,2.942930731,-1.34494227,-0.272329068,-1.222798598,-0.884741275,-1.658145262,3.224877549,-0.63733109,-0.440479557,1.637208126,0.286171282,-0.644590896,18.2
1.730465429,-0.487240187,1.014994623,-0.272329068,0.977797838,-3.055197852,1.116389695,-1.262302277,1.659602895,1.529412938,0.805778429,0.440615895,3.545262384,13.8
-0.405837965,-0.487240187,-0.616116793,-0.272329068,-0.92075595,-0.306901688,-1.01513524,0.914588047,-0.752177789,-1.039754081,-0.256603961,0.35835497,-0.434538092,21.2
-0.413794675,-0.487240187,-1.033004966,-0.272329068,-0.385708973,0.043217865,0.171413641,-0.226784628,-0.522484391,-0.665949179,-0.857080964,0.426376321,-0.891052854,24.6
0.738590145,-0.487240187,1.014994623,-0.272329068,1.599142714,0.285170401,1.116389695,-0.862722112,1.659602895,1.529412938,0.805778429,0.32921861,0.867789298,15.4
-0.416072172,1.013459589,-0.740017124,-0.272329068,-1.007916828,-0.360985196,-1.608409681,1.351400307,-0.981871188,-0.61848189,-0.718509348,0.061076474,-0.675398641,19.4
-0.406444832,0.048724019,-0.476182302,-0.272329068,-0.264891914,-0.392296701,0.508905089,1.154792049,-0.522484391,-0.576948013,-1.503748506,0.440615895,0.086392864,18.9
-0.368028478,-0.487240187,-0.719610011,3.664771168,-0.411598343,0.628173703,-0.073711727,-0.067978344,-0.177944293,-0.600681657,-0.487556655,0.03862176,-0.644590896,29
-0.407360947,-0.487240187,0.115623985,-0.272329068,0.157967793,0.724954717,0.736267749,-0.667776001,-0.981871188,-0.802417635,1.175302739,0.402826256,-0.864446166,22
4.898256758,-0.487240187,1.014994623,-0.272329068,1.193542586,-2.51293952,1.116389695,-1.014784828,1.659602895,1.529412938,0.805778429,-2.939968567,3.406627533,7
-0.410583624,-0.487240187,-1.202092476,-0.272329068,-0.946645319,2.185209437,-1.125264029,-0.142395045,-0.867024489,-0.784617402,-0.210413422,0.403702537,-1.271948607,43.8
-0.17024192,-0.487240187,1.230726964,-0.272329068,2.729645196,-0.819271765,1.063101572,-1.031406299,-0.522484391,-0.031074189,-1.734701199,-1.037561447,0.439281577,19.4
-0.381757407,-0.487240187,1.567444334,-0.272329068,0.59808708,-0.658444491,0.952972784,-0.629309168,-0.63733109,0.17066179,1.267683816,0.350687507,0.332854822,18.4
-0.399750686,-0.487240187,-0.754593634,-0.272329068,-0.480636662,-0.45349646,-1.363284313,0.024816954,-0.522484391,-0.766817169,0.343873042,0.402607185,-0.353317674,24.7
-0.400138988,0.584688225,-0.875578663,-0.272329068,-0.877607,-0.45349646,0.881921953,1.43583738,-0.177944293,-0.737150113,0.574825736,0.234470674,0.250234052,16
-0.412937852,-0.487240187,-0.983444834,-0.272329068,-0.972534689,-0.550277475,-0.578172628,2.003389383,-0.752177789,-0.333678156,0.159110887,0.086926778,0.002371742,17.2
-0.395982758,-0.487240187,2.420170141,-0.272329068,0.468640231,-1.695993897,1.045338864,-0.936711403,-0.63733109,1.796416439,0.75958789,-0.418906714,2.384370549,8.1
0.389305224,-0.487240187,1.014994623,-0.272329068,1.253951116,-0.813578764,1.009813449,-0.887369379,1.659602895,1.529412938,0.805778429,0.413560704,0.624128045,15.1
-0.379481072,-0.487240187,-0.180279159,-0.272329068,-0.092296115,-0.444956959,0.288647512,-0.32888795,-0.63733109,-0.61848189,-0.025651268,0.433386573,-0.375723306,20.3
-0.415989629,0.970582453,-0.735644172,-0.272329068,-1.050202799,0.434611674,-1.000925074,0.805741156,-0.292790992,-0.470146612,-1.088033658,0.428019349,-0.441539852,22
0.094024554,-0.487240187,1.014994623,-0.272329068,0.252895483,-0.400836202,0.92099991,-0.595876266,1.659602895,1.529412938,0.805778429,-0.278044464,1.21367625,19.1
-0.353219511,-0.487240187,-0.719610011,-0.272329068,-0.411598343,2.921029798,0.167861099,0.020590352,-0.177944293,-0.600681657,-0.487556655,0.320236725,-1.42598733,41.7
-0.277850494,-0.487240187,1.230726964,-0.272329068,0.434121071,0.937018999,1.024023615,-0.910734419,-0.522484391,-0.031074189,-1.734701199,0.074001626,-1.1291127,41.3
1.003735531,-0.487240187,1.014994623,-0.272329068,0.252895483,-0.637095738,-0.315284553,-0.853604048,1.659602895,1.529412938,0.805778429,-3.636831424,0.425278056,10.2
0.360888236,-0.487240187,1.014994623,-0.272329068,1.366138385,0.660908458,0.85350162,-0.698786917,1.659602895,1.529412938,0.805778429,-3.903330533,0.670339662,13.4
0.516449822,-0.487240187,1.014994623,-0.272329068,0.252895483,-1.220628326,0.952972784,-0.648352625,1.659602895,1.529412938,0.805778429,-0.044844052,0.768364304,13.8
0.075310474,-0.487240187,1.014994623,-0.272329068,1.858036412,-0.245701929,0.452064424,-0.61069312,1.659602895,1.529412938,0.805778429,0.37314222,0.002371742,22.6
-0.411938031,-0.487240187,-1.033004966,-0.272329068,-0.385708973,-0.376640949,-0.759352248,-0.114043564,-0.522484391,-0.665949179,-0.857080964,0.400416482,-0.356118378,23.2
-0.382267781,-0.487240187,1.567444334,-0.272329068,0.59808708,0.20831489,1.073759197,-0.941507885,-0.63733109,0.17066179,1.267683816,0.440615895,0.383267495,18
-0.414262032,1.013459589,-0.740017124,-0.272329068,-1.007916828,-0.823541516,-1.427230061,1.351400307,-0.981871188,-0.61848189,-0.718509348,0.409069761,-0.031236706,17.1
-0.335721492,-0.487240187,-0.436825726,-0.272329068,-0.144074855,-0.793653261,0.03286452,0.000692076,-0.63733109,-0.600681657,1.175302739,0.375442459,-0.19227719,18.2
0.212475366,-0.487240187,1.014994623,-0.272329068,1.366138385,0.527122938,1.052443947,-0.683780103,1.659602895,1.529412938,0.805778429,-0.015160016,0.710949871,15.2
-0.375069074,-0.487240187,2.115521092,-0.272329068,0.227006113,-0.955903786,0.960077867,-0.967769809,-0.867024489,-1.306757581,0.297682503,0.028654058,2.045485358,15.7
0.60205421,-0.487240187,1.014994623,-0.272329068,0.252895483,-1.024219796,0.071942477,-0.822308192,1.659602895,1.529412938,0.805778429,-3.866855315,0.631129805,11.7
-0.407553935,-0.487240187,-0.375604386,-0.272329068,-0.299411074,-0.127572161,-0.503569256,-0.483087712,-0.522484391,-0.143809,1.1291122,0.403264396,0.04858336,21.7
0.749723028,-0.487240187,1.014994623,-0.272329068,0.252895483,0.780461476,0.913894827,-0.810578183,1.659602895,1.529412938,0.805778429,-3.015985986,0.985418869,14.1
1.246308229,-0.487240187,1.014994623,-0.272329068,0.511789181,-0.079181654,0.690084708,-0.87563937,1.659602895,1.529412938,0.805778429,0.291867112,0.063987232,21.4
-0.40019828,-0.487240187,-0.375604386,-0.272329068,-0.299411074,-0.638518988,0.828633829,-0.752260564,-0.522484391,-0.143809,1.1291122,0.427143067,0.84118261,19.5
-0.416258185,-0.487240187,-0.866832757,-0.272329068,-0.342560023,-0.32113419,-1.111053862,0.483047168,-0.522484391,-1.093154781,0.805778429,0.432291221,-0.580174703,20.6
-0.324158453,0.370302542,-1.044666174,-0.272329068,0.796572249,1.483547082,0.92099991,-0.815042235,-0.522484391,-0.855818336,-2.519940357,0.40249765,-0.196478246,31
-0.407764363,0.799073907,-0.904731682,-0.272329068,-1.093351748,-0.269897182,-0.123447309,1.206746019,-0.407637691,-0.642215535,-0.857080964,0.415641872,-0.035437762,20.1
-0.405395021,0.584688225,-0.875578663,-0.272329068,-0.877607,0.679410711,-0.894348827,1.98786018,-0.177944293,-0.737150113,0.574825736,0.42615725,-0.441539852,25
-0.412408877,-0.487240187,-1.151074693,-0.272329068,-0.81719847,-0.592974981,-1.519596142,0.674146595,-0.63733109,0.129127912,-0.718509348,0.282228015,-0.375723306,19.3
0.107933683,-0.487240187,1.014994623,-0.272329068,1.858036412,0.161347633,0.690084708,-0.606371538,1.659602895,1.529412938,0.805778429,0.195914288,-0.681000049,25
-0.362788722,-0.487240187,-0.180279159,-0.272329068,-0.092296115,0.498657933,0.494694923,-0.226784628,-0.63733109,-0.61848189,-0.025651268,0.440615895,-1.13611446,22.8
-0.393506459,-0.487240187,-0.375604386,-0.272329068,-0.299411074,0.171310384,0.597718628,-0.51305385,-0.522484391,-0.143809,1.1291122,-3.131326538,-0.283300072,18.6
0.32315083,-0.487240187,1.014994623,-0.272329068,0.252895483,-0.174539418,1.024023615,-0.75463506,1.659602895,1.529412938,0.805778429,-0.590548351,1.602974115,13.3
-0.385321883,0.370302542,-0.608828539,-0.272329068,-0.78267931,-0.610053984,-0.940531867,0.301065804,-0.752177789,-1.099088192,0.06672981,0.350249366,0.04858336,21.1
-0.412093817,-0.487240187,-1.264771467,-0.272329068,-0.575564352,-0.200157922,-0.226471014,-0.568522074,-0.752177789,-1.277090526,-0.3027945,0.440615895,-0.448541612,36.2
-0.405218308,-0.487240187,-0.375604386,-0.272329068,-0.299411074,0.269514649,1.01336599,-0.646880437,-0.522484391,-0.143809,1.1291122,0.422433054,-0.053642339,19.8
0.509089517,-0.487240187,1.014994623,-0.272329068,1.253951116,-1.088266056,1.116389695,-1.074194714,1.659602895,1.529412938,0.805778429,0.440615895,1.667390309,12.3
-0.397796386,-0.487240187,-0.547607199,-0.272329068,-0.532415402,0.20831489,-1.913928255,0.769743799,-0.522484391,-0.71934988,0.528635197,0.405345565,-1.06049545,24.6
-0.414914241,0.584688225,-0.914935239,-0.272329068,-1.110611328,0.47588593,0.064837394,0.762525331,-0.63733109,-0.754950346,0.251491965,0.426704926,-0.760820115,23.9
-0.407233063,-0.487240187,0.401323571,3.664771168,-0.040517375,-0.474845213,0.896132119,-0.430136454,-0.522484391,-0.784617402,-0.949462042,0.440615895,0.737556559,21.5
0.653228737,-0.487240187,1.014994623,-0.272329068,0.65849561,-0.097683907,1.116389695,-1.247058014,1.659602895,1.529412938,0.805778429,0.103795196,-0.437338796,50
-0.393956378,0.048724019,-0.476182302,-0.272329068,-0.264891914,0.131459378,0.913894827,1.21177995,-0.522484391,-0.576948013,-1.503748506,0.392639483,1.091845624,15
-0.408651413,-0.487240187,2.115521092,-0.272329068,0.227006113,-0.577319229,0.96718295,-0.849472425,-0.867024489,-1.306757581,0.297682503,0.248710248,0.68994459,18.8
-0.356151543,0.370302542,-1.044666174,-0.272329068,0.796572249,1.311333806,0.817976204,-0.885659742,-0.522484391,-0.855818336,-2.519940357,0.341924692,-0.637589136,36.5
-0.402618775,-0.487240187,2.115521092,-0.272329068,0.227006113,-0.610053984,1.009813449,-0.878868684,-0.867024489,-1.306757581,0.297682503,0.149361834,1.786420232,17.3
-0.400451723,-0.487240187,2.115521092,-0.272329068,0.227006113,-0.425031456,0.704294875,-0.855836074,-0.867024489,-1.306757581,0.297682503,0.310488093,0.302047077,21.4
-0.399952975,-0.487240187,-0.210889829,-0.272329068,0.261525273,-0.822118266,-0.517779422,-0.671195275,-0.407637691,-0.102275122,0.343873042,0.440615895,-0.090051492,21.8
-0.386282176,-0.487240187,1.567444334,-0.272329068,0.59808708,-0.157460416,0.889027036,-1.036772659,-0.63733109,0.17066179,1.267683816,0.34400586,1.611376228,14
-0.411679938,2.085388001,-1.377010591,-0.272329068,-1.240058177,-0.570202978,-1.778931675,3.284049986,-0.63733109,0.0163931,-0.071841806,0.390558315,-0.681000049,18.6
0.454858563,-0.487240187,1.014994623,-0.272329068,1.366138385,0.188389387,1.055996489,-0.764607943,1.659602895,1.529412938,0.805778429,-0.574665749,0.932205492,13
-0.396143195,0.456056815,-0.769170144,-0.272329068,-1.067462379,-0.98436879,0.281542429,1.975512802,-0.292790992,-0.464213201,0.297682503,0.173240505,-0.021434242,17.6
0.049396526,-0.487240187,1.014994623,-0.272329068,-0.195853594,-0.079181654,0.78600333,-0.330407628,1.659602895,1.529412938,0.805778429,0.423418871,0.030378783,19.6
-0.381684165,-0.487240187,-0.719610011,-0.272329068,-0.411598343,-0.282706434,-0.251338805,-0.067978344,-0.177944293,-0.600681657,-0.487556655,0.219902494,-0.248291271,24
-0.413371495,0.048724019,-0.738559474,-0.272329068,-1.257317757,-0.578742479,-1.67590797,1.283632195,-0.63733109,-0.375212034,0.205301426,0.433057967,-0.637589136,22
-0.102255298,-0.487240187,1.230726964,-0.272329068,2.729645196,-0.978675789,0.935210076,-1.077708968,-0.522484391,-0.031074189,-1.734701199,-0.05284012,1.231880827,15.4
1.068270448,-0.487240187,1.014994623,-0.272329068,1.599142714,-0.612900484,0.995603282,-0.902043764,1.659602895,1.529412938,0.805778429,-1.272295352,1.559563202,10.8
-0.169559485,-0.487240187,1.230726964,-0.272329068,2.729645196,-0.934555033,1.116389695,-1.082030551,-0.522484391,-0.031074189,-1.734701199,-2.052733556,0.559711851,15.6
0.533282845,-0.487240187,1.014994623,-0.272329068,1.366138385,-0.496193967,0.416539008,-0.482422853,1.659602895,1.529412938,0.805778429,-3.868498343,0.60032206,13.5
-0.403705789,-0.487240187,0.405696524,-0.272329068,-1.015683639,-0.703988498,-0.375677759,1.199100142,-0.63733109,-0.707483057,-1.134224196,0.440615895,0.446283337,20.3
-0.415319982,0.584688225,-0.914935239,-0.272329068,-1.110611328,0.629596953,-1.246050442,0.762525331,-0.63733109,-0.754950346,0.251491965,0.440615895,-1.031088057,28
-0.408475863,0.970582453,-0.735644172,-0.272329068,-1.050202799,0.992525758,-1.807352008,0.805741156,-0.292790992,-0.470146612,-1.088033658,0.369746629,-1.091303195,33.1
0.721959412,-0.487240187,1.014994623,-0.272329068,1.003687208,0.724954717,1.073759197,-1.15734956,1.659602895,1.529412938,0.805778429,0.440615895,1.202473434,13.3
-0.402145605,0.584688225,-0.875578663,-0.272329068,-0.877607,-0.198734672,-1.398809729,1.908979428,-0.177944293,-0.737150113,0.574825736,0.372485009,-0.811232788,23.3
0.877386138,-0.487240187,1.014994623,-0.272329068,1.599142714,0.490118432,0.924552451,-0.793244363,1.659602895,1.529412938,0.805778429,-2.703591634,1.486744897,13.4
0.009699007,-0.487240187,1.014994623,-0.272329068,1.409287335,-1.881016425,0.810871121,-0.970096815,1.659602895,1.529412938,0.805778429,-0.445195159,0.188618563,21.9
-0.258736486,-0.487240187,-0.436825726,-0.272329068,-0.144074855,-0.476268464,0.476932215,0.092585067,-0.63733109,-0.600681657,1.175302739,-1.35904722,2.108501199,13.2
-0.387599381,-0.487240187,-0.210889829,-0.272329068,0.261525273,-0.510426469,-0.92276916,-0.671195275,-0.407637691,-0.102275122,0.343873042,0.440615895,0.131204129,24.5
0.149356473,-0.487240187,1.014994623,-0.272329068,0.65849561,-1.871053674,1.116389695,-1.169459489,1.659602895,1.529412938,0.805778429,0.206429666,-1.31535952,50
-0.416889467,2.728545048,-1.193346571,-0.272329068,-1.093351748,0.441727925,-1.661697804,0.762715291,-0.752177789,-0.927019269,-0.071841806,0.426704926,-1.166922204,30.8
-0.40281874,-0.487240187,-0.375604386,-0.272329068,-0.299411074,0.629596953,0.402328842,-0.483087712,-0.522484391,-0.143809,1.1291122,0.417175365,-0.452742668,27.5
-0.416928995,-0.487240187,-0.592794378,-0.272329068,-0.739530361,1.281445551,-0.265548971,0.55660905,-0.867024489,-0.98635338,-0.3027945,0.396035074,-1.207532413,34.7
-0.389452536,-0.487240187,-0.375604386,-0.272329068,-0.299411074,-0.079181654,0.803766038,-0.59359675,-0.522484391,-0.143809,1.1291122,0.378509444,0.405673128,19.4
0.238660196,-0.487240187,1.014994623,-0.272329068,1.599142714,-0.093414156,1.116389695,-0.850184774,1.659602895,1.529412938,0.805778429,0.427362137,0.551309739,18.4
1.133084385,-0.487240187,1.014994623,-0.272329068,1.193542586,-0.565933227,0.928104993,-0.95594482,1.659602895,1.529412938,0.805778429,0.440615895,0.51770129,12.7
-0.376414181,-0.487240187,-0.079701243,3.664771168,-0.566934562,-1.253363081,0.711399958,-0.061757165,-0.63733109,-0.778683991,0.06672981,0.422433054,1.586169891,19.3
-0.408094536,0.584688225,-0.875578663,-0.272329068,-0.877607,-0.509003218,-0.759352248,1.489738437,-0.177944293,-0.737150113,0.574825736,0.440615895,-0.480749709,19.6
-0.380593663,0.456056815,-0.769170144,-0.272329068,-1.067462379,-0.25139493,-1.19631486,2.023287659,-0.292790992,-0.464213201,0.297682503,0.36700825,-0.489151821,24.3
-0.40715982,-0.487240187,2.420170141,-0.272329068,0.468640231,-0.429301206,0.530220338,-0.800272871,-0.63733109,1.796416439,0.75958789,0.440615895,0.097595681,20.1
0.243520951,-0.487240187,1.014994623,-0.272329068,-0.195853594,0.662331708,0.224701764,-0.22004106,1.659602895,1.529412938,0.805778429,0.398663919,-0.688001809,23.7
-0.14910502,-0.487240187,1.230726964,-0.272329068,2.729645196,-1.563631627,0.896132119,-1.075856861,-0.522484391,-0.031074189,-1.734701199,0.003460966,2.193922673,17.8
0.246192564,-0.487240187,1.014994623,-0.272329068,-0.195853594,1.104962525,0.299305137,-0.182571515,1.659602895,1.529412938,0.805778429,0.422871195,-0.790227508,25
-0.00521343,-0.487240187,1.014994623,-0.272329068,0.218376323,0.216854391,0.228254306,-0.42671718,1.659602895,1.529412938,0.805778429,0.401949974,0.239031236,23.2
-0.415010735,2.942930731,-1.132125231,-0.272329068,-1.352245447,-0.708258248,-1.331311439,1.337533251,-0.63733109,-0.422679323,-1.088033658,0.440615895,-0.337913801,19.4
2.143519126,-0.487240187,1.014994623,-0.272329068,1.599142714,-0.664137492,0.846396537,-0.916005799,1.659602895,1.529412938,0.805778429,0.380919218,1.324304061,10.5
-0.41831363,3.371702096,-1.076734495,-0.272329068,-1.386764606,1.664299859,-1.221182651,1.206746019,-0.752177789,-0.974486558,-1.180414735,0.324946738,-1.3363648,44
-0.352864924,0.370302542,-1.044666174,-0.272329068,0.175227373,2.86409979,-0.055949019,-0.652246798,-0.522484391,-0.855818336,-2.519940357,0.305230404,-0.73001237,50
-0.412081029,-0.487240187,2.115521092,-0.272329068,0.227006113,-0.590128481,0.039969603,-0.730082773,-0.867024489,-1.306757581,0.297682503,0.355726125,0.240431588,22
-0.417927653,3.157316413,-1.018428456,-0.272329068,-1.084721958,0.329291158,-1.452097852,2.251144283,-0.63733109,-0.339611567,-0.256603961,0.391653667,-0.88125039,23.1
-0.186400645,-0.487240187,1.230726964,-0.272329068,0.434121071,2.340343711,0.981393116,-0.830666418,-0.522484391,-0.031074189,-1.734701199,0.13829878,-1.25374403,50
0.710413811,-0.487240187,1.014994623,-0.272329068,1.599142714,0.172733634,1.016918532,-0.821548354,1.659602895,1.529412938,0.805778429,0.320784401,0.961612885,17.1
-0.410544096,0.456056815,-0.769170144,-0.272329068,-1.067462379,0.956944502,-2.194579038,2.427521836,-0.292790992,-0.464213201,0.297682503,0.322208358,-1.277550015,29.6
-0.360597255,-0.487240187,-0.719610011,-0.272329068,-0.411598343,1.527667838,0.107467893,0.167619136,-0.177944293,-0.600681657,-0.487556655,0.365803363,-1.109507771,31.5
1.988326078,-0.487240187,1.014994623,-0.272329068,0.900129728,-3.055197852,1.116389695,-1.242783921,1.659602895,1.529412938,0.805778429,0.148376017,1.496547361,11.9
-0.402549021,-0.487240187,-0.164244998,-0.272329068,-0.066406745,-0.375217698,0.498247464,-0.497524647,-0.407637691,0.140994734,-0.3027945,0.414436985,-0.329511689,19.2
-0.414499199,2.942930731,-1.092768655,-0.272329068,-1.404024186,-0.25139493,-1.299338565,2.576450217,-0.981871188,-0.553214368,-0.949462042,0.396692285,-0.851842997,21.9
-0.399292629,-0.487240187,-0.210889829,-0.272329068,0.261525273,-0.874778524,-1.413019895,-0.473209809,-0.407637691,-0.102275122,0.343873042,0.401073693,0.692745294,23.1
-0.406930791,0.799073907,-0.904731682,-0.272329068,-1.093351748,0.871549489,-0.507121797,1.206746019,-0.407637691,-0.642215535,-0.857080964,0.378728515,-0.17827367,22
0.538806271,-0.487240187,1.014994623,-0.272329068,1.366138385,1.577481596,1.091521905,-0.637477434,1.659602895,1.529412938,0.805778429,0.210263398,0.57231502,17.8
0.018770633,-0.487240187,1.014994623,-0.272329068,0.865610569,-0.473421963,0.572850837,-0.43858966,1.659602895,1.529412938,0.805778429,-3.665748713,0.629729453,19
-0.274570851,-0.487240187,-0.436825726,-0.272329068,-0.144074855,-1.017103545,1.048891406,0.001356935,-0.63733109,-0.600681657,1.175302739,0.217930861,1.171665689,13.6
-0.414800308,-0.487240187,0.401323571,3.664771168,-0.040517375,-0.564509977,-0.446728591,-0.324328918,-0.522484391,-0.784617402,-0.949462042,0.395706469,0.120001313,23.3
0.146239592,-0.487240187,1.014994623,-0.272329068,0.511789181,0.283747151,0.889027036,-0.707477572,1.659602895,1.529412938,0.805778429,0.433057967,0.843983314,16.7
-0.393398339,-0.487240187,-0.079701243,-0.272329068,-0.566934562,0.058873617,-0.571067545,0.265875775,-0.63733109,-0.778683991,0.06672981,0.418380252,-0.235688103,24.4
0.256987136,-0.487240187,1.014994623,-0.272329068,-0.195853594,-0.060679401,-0.137657475,-0.176112886,1.659602895,1.529412938,0.805778429,0.440615895,-0.2678962,23
4.03860888,-0.487240187,1.014994623,-0.272329068,1.193542586,-1.18362382,1.116389695,-1.094852828,1.659602895,1.529412938,0.805778429,0.440615895,2.511802584,5
-0.373363566,-0.487240187,-0.180279159,-0.272329068,-0.092296115,0.138575629,-0.048843936,-0.124681306,-0.63733109,-0.61848189,-0.025651268,0.422104448,-0.321109577,23.1
-0.414966557,2.514159366,-1.296839788,-0.272329068,-1.334985867,0.834544984,-0.752247165,1.915153117,-0.522484391,-0.29807769,-1.688510661,0.374456642,-0.921860599,24.8
0.440661113,-0.487240187,1.014994623,-0.272329068,0.365082752,-0.950210785,1.041786323,-1.111426809,1.659602895,1.529412938,0.805778429,-0.460420549,1.925055083,17.2
0.980600153,-0.487240187,1.014994623,-0.272329068,0.511789181,-0.906090028,0.675874542,-0.87563937,1.659602895,1.529412938,0.805778429,-0.713337295,0.202622083,20.8
-0.408138714,0.799073907,-0.904731682,-0.272329068,-1.093351748,0.104417624,-0.556857379,1.538890501,-0.407637691,-0.642215535,-0.857080964,0.17608842,-0.200679302,22.2
-0.409840734,-0.487240187,-0.047632922,-0.272329068,-1.222798598,0.188389387,-2.201684121,0.708671765,-0.63733109,-0.612548479,0.343873042,0.296358054,-0.830837717,24.2
-0.400172703,-0.487240187,-0.616116793,-0.272329068,-0.92075595,-0.857699521,-1.235392817,0.619913109,-0.752177789,-1.039754081,-0.256603961,0.440615895,-0.342114857,19.3
-0.389973373,-0.487240187,1.567444334,-0.272329068,0.59808708,-0.842043769,0.974288033,-0.953000445,-0.63733109,0.17066179,1.267683816,0.388148541,0.635330861,16.2
-0.41078475,-0.487240187,-0.754593634,-0.272329068,-0.480636662,-0.618593485,-0.961847117,0.066085693,-0.522484391,-0.766817169,0.343873042,0.440615895,-0.54376555,21
-0.410281352,-0.487240187,-1.033004966,-0.272329068,-0.385708973,-0.605784233,0.004444187,-0.51913256,-0.522484391,-0.665949179,-0.857080964,0.400416482,-0.421934923,22.6
-0.410351107,-0.487240187,0.24681257,-0.272329068,-1.015683639,-0.58443548,-1.135921653,0.336018383,-0.522484391,-0.060741244,0.112920349,0.431414939,-0.497553933,20.3
-0.416338404,-0.487240187,-1.305585694,-0.272329068,-0.83445805,1.015297761,-0.80908783,1.076671135,-0.752177789,-1.105021603,0.112920349,0.415751408,-1.360170785,33.4
-0.347607729,-0.487240187,-0.719610011,3.664771168,-0.411598343,0.845930986,0.324172928,-0.248345051,-0.177944293,-0.600681657,-0.487556655,0.369308489,-0.381324714,27.5
-0.418428726,2.085388001,-1.196261873,-0.272329068,-1.326356077,0.454537177,-1.768274051,1.151420265,-0.981871188,-0.849884924,-1.318986351,0.219354818,-1.158520092,29.1
-0.404344047,0.048724019,-0.738559474,-0.272329068,-1.257317757,-0.98294554,-1.12881657,1.283632195,-0.63733109,-0.375212034,0.205301426,0.440615895,0.061186528,17.4
1.344372005,-0.487240187,1.014994623,-0.272329068,1.599142714,-0.18877192,1.116389695,-0.893210639,1.659602895,1.529412938,0.805778429,-3.804748865,1.932056843,8.7
0.491283414,-0.487240187,1.014994623,-0.272329068,0.865610569,-0.107646658,-0.112789684,-0.394946426,1.659602895,1.529412938,0.805778429,0.440615895,0.079391104,21.4
-0.417817208,2.942930731,-1.366807034,-0.272329068,-1.464432716,-0.077758404,-1.317101273,2.514190935,-0.981871188,-0.992286792,-0.118032345,-0.165113687,0.038780895,20.1
0.953174847,-0.487240187,1.014994623,-0.272329068,1.409287335,0.767652224,0.281542429,-0.95029352,1.659602895,1.529412938,0.805778429,-3.37613768,1.412526239,8.4
-0.279729226,-0.487240187,1.230726964,-0.272329068,0.434121071,-0.58301223,0.924552451,-0.650204732,-0.522484391,-0.031074189,-1.734701199,-0.705231691,0.2488337,17.4
8.128839131,-0.487240187,1.014994623,-0.272329068,1.072725527,-0.466305712,1.116389695,-0.946209387,1.659602895,1.529412938,0.805778429,-3.726650277,1.115651608,8.8
0.665620696,-0.487240187,1.014994623,-0.272329068,1.072725527,0.135729129,0.960077867,-0.867566084,1.659602895,1.529412938,0.805778429,-3.241738006,1.600173411,9.5
-0.40576821,-0.487240187,-0.164244998,-0.272329068,-0.066406745,-0.528928721,0.864159245,-0.684634922,-0.407637691,0.140994734,-0.3027945,0.419256534,0.498096362,18.8
-0.397927758,0.456056815,-0.769170144,-0.272329068,-1.067462379,0.616787701,-1.814457091,1.914535748,-0.292790992,-0.464213201,0.297682503,0.406002776,-0.853243349,26.2
-0.40424174,-0.487240187,-0.079701243,-0.272329068,-0.566934562,-0.560240226,-1.643935096,0.071404563,-0.63733109,-0.778683991,0.06672981,0.440615895,-0.249691623,22.6
