V1,V2,V3,V4,V5,V6,V7,V8,y
-0.115108467,-0.012132318,0.65627721,-1.546386997,-1.345614362,0.259455524,-0.002621599,0.801312164,2.649
0.335879635,-0.863605611,-0.579334365,-1.356353402,-1.648942116,1.124007825,-0.718318163,0.801312164,4.56
-0.406572091,-0.076078634,0.038471423,0.877546049,0.486682556,-1.070815495,-0.718318163,-0.438111183,6.109
-0.127297335,-0.213536075,-0.579334365,1.396550188,0.50887727,-0.322692874,-0.718318163,-0.438111183,4.711
-1.036544091,-0.863605611,-0.579334365,0.850562427,-0.637849604,-0.964294725,-0.718318163,-0.438111183,5.42
4.925309056,5.197886092,2.509694573,-1.512513939,4.866439389,1.265209777,7.154344042,13.19554564,4.779
1.431380843,0.185471921,-0.579334365,-0.226485985,0.280764935,0.606267335,-0.002621599,-0.438111183,7.671
0.088253167,0.196885143,-0.579334365,2.310548626,2.056342029,0.881239557,-0.718318163,2.040735512,6.194
-1.036544091,-0.863605611,-0.579334365,1.440757398,-0.238344757,1.371730547,-0.718318163,-0.438111183,5.299
-0.480132976,-0.381008235,0.65627721,-0.107069104,-0.708132864,-1.112928358,-0.002621599,-0.438111183,6.108
1.556477116,-0.771933088,-0.579334365,-1.067571232,-0.327123612,-0.91475018,0.713074965,-0.438111183,6.059
-0.056730206,-0.11914961,-0.579334365,-0.041619467,-0.460291894,-0.258284966,-0.002621599,-0.438111183,4.01
-0.17134833,0.388724092,0.65627721,-0.922893087,-0.990498943,1.356867184,-0.718318163,-0.438111183,1.22
-1.036544091,-0.863605611,-0.579334365,0.241421507,-0.783348282,-0.533257188,-0.718318163,-0.438111183,3.89
-0.238921701,0.131427822,0.038471423,-1.251863631,-1.345614362,1.327140457,-0.718318163,0.801312164,3.17
-0.391175627,-0.151658222,-0.579334365,1.123269247,1.062512072,-0.444077008,1.428771529,-0.438111183,6.212
-1.036544091,-0.863605611,-0.579334365,1.404587862,0.463254803,-0.857773954,-0.718318163,-0.438111183,6.281
-0.671519582,-0.494729695,-0.579334365,1.491854045,0.205549516,-1.375514444,-0.718318163,-0.438111183,6.394
1.180332938,0.889526877,0.038471423,0.707606641,0.43736097,0.408089157,1.428771529,-0.438111183,3.725
-0.602235492,-0.448900768,-0.579334365,-1.484956197,-1.345614362,2.543459024,-0.002621599,0.801312164,0.704
-0.432660544,-0.863605611,-0.579334365,0.491163543,-0.313560176,-0.830524455,-0.718318163,-0.438111183,4.025
1.110193489,0.482729137,-0.579334365,0.211567287,0.50641119,1.924152218,-0.002621599,-0.438111183,9.141
0.231953501,0.283643233,-0.579334365,1.424107929,1.846725289,-0.994021451,-0.002621599,2.040735512,9.945
-0.480132976,-0.381008235,0.65627721,-0.260933162,-0.708132864,-0.320215647,-0.002621599,-0.438111183,5.168
1.924067703,3.262244744,3.127500361,-0.500341045,1.708624848,0.393225794,-0.718318163,-0.438111183,5.291
-0.276771343,-0.171990774,-0.579334365,1.300672211,1.704925729,-0.295443374,-0.718318163,0.801312164,8.067
-0.760904611,-0.617355815,-0.579334365,-0.448096159,-0.537973392,0.38827134,-0.002621599,-0.438111183,3.481
-1.036544091,-0.863605611,-0.579334365,0.186306023,-1.345614362,-1.026225405,-0.718318163,-0.438111183,4.33
-1.036544091,-0.863605611,-0.579334365,2.211800051,0.575461411,-1.179813493,-0.718318163,-0.438111183,8.271
0.809748594,0.681594992,0.038471423,-0.400444231,0.589024847,-0.15671865,2.860164657,-0.438111183,4.168
1.488048386,0.388724092,1.891888786,-1.37472523,-0.893088811,0.036505074,-0.718318163,-0.438111183,3.758
-0.603946211,-0.237448095,0.038471423,0.467050519,0.095808987,-0.617482913,-0.718318163,-0.438111183,5.38
0.088253167,0.196885143,-0.579334365,-0.876389398,-0.332055771,1.867175992,-0.718318163,2.040735512,2.899
0.833057131,-0.050728959,0.65627721,-2.029795719,-1.131065463,0.782150468,-0.002621599,-0.438111183,6.618
-0.406572091,-0.076078634,0.038471423,-0.392980676,-0.171760616,0.380839658,-0.718318163,-0.438111183,2.614
0.130379604,-0.261726864,-0.579334365,0.528481318,0.503945111,2.322985801,-0.718318163,-0.438111183,4.862
-0.839169972,-0.702236151,-0.579334365,-0.260933162,-0.620587049,0.291659478,-0.718318163,-0.438111183,3.432
-0.603946211,-0.237448095,0.038471423,0.420546829,-0.573731542,-1.100542222,-0.718318163,-0.438111183,5.632
2.489673929,1.253752419,1.891888786,-1.236362401,1.024287843,-0.528302733,2.144468093,-0.438111183,4.33
-0.480132976,-0.381008235,0.65627721,-1.212249377,-1.428228019,0.74499206,-0.002621599,-0.438111183,3.133
0.463328146,-0.116787748,1.274082998,-1.782924281,-1.345614362,-0.989066997,0.713074965,-0.438111183,3.979
-1.036544091,-0.863605611,-0.579334365,0.514702448,-0.700734626,-0.639777958,-0.718318163,-0.438111183,4.933
-1.036544091,-0.863605611,-0.579334365,1.813361033,0.203083437,-1.162472903,-0.718318163,-0.438111183,6.67
-0.056730206,-0.11914961,-0.579334365,0.457290485,-0.409737269,-1.407718398,-0.002621599,-0.438111183,4.66
-1.036544091,-0.863605611,-0.579334365,-0.285046187,-1.428228019,-0.813183864,-0.718318163,-0.438111183,2.49
0.375867675,0.507007906,0.038471423,-0.554308289,-0.460291894,-0.649686867,-0.002621599,-0.438111183,4.016
0.937410945,0.177095379,0.65627721,-0.068028969,0.727125288,-0.117083014,1.428771529,-0.438111183,7.044
-1.036544091,-0.863605611,-0.579334365,1.33224879,-0.573731542,-1.449831261,-0.718318163,-0.438111183,4.874
-1.036544091,-0.863605611,-0.579334365,-0.050231261,-1.345614362,-0.545643324,-0.718318163,-0.438111183,3.339
0.565543562,1.172334192,0.038471423,0.485996466,0.412700177,0.232206024,0.713074965,0.801312164,5.301
-1.036544091,-0.863605611,-0.579334365,0.782816311,-0.207518766,-0.441599781,-0.718318163,-0.438111183,5.001
-0.769885882,-0.656407224,-0.579334365,0.868934255,1.072376389,0.809399968,-0.002621599,-0.438111183,5.102
0.37094936,0.321212977,-0.579334365,0.791428106,1.714790046,0.100912982,1.428771529,-0.438111183,6.756
0.837975446,1.190114172,1.274082998,-0.41594546,1.259798416,0.725174242,0.713074965,0.801312164,3.819
-0.779294833,-0.599385125,0.038471423,-0.859165809,-0.853631542,1.094281098,-0.002621599,-0.438111183,3.93
-1.036544091,-0.863605611,-0.579334365,0.360838389,-0.700734626,0.041459528,-0.718318163,-0.438111183,3.524
-0.603946211,-0.237448095,0.038471423,-0.010042887,-0.700734626,-1.301197627,-0.718318163,-0.438111183,4.464
-0.691620522,-0.571526888,-0.579334365,-0.597941381,-0.023795859,0.519564382,0.713074965,-0.438111183,4.733
1.816933972,0.239472011,-0.579334365,-0.808069163,0.667939384,-0.260762193,1.428771529,0.801312164,7.858
-0.414270323,-0.230509208,0.038471423,0.437770418,-0.066952246,-0.676936367,-0.002621599,0.801312164,4.714
-0.432660544,-0.863605611,-0.579334365,0.897066116,0.150062732,-0.976680861,-0.718318163,-0.438111183,5.597
0.076278139,0.101589142,1.891888786,-1.932769503,-1.428228019,1.39650282,0.713074965,-0.438111183,3.358
-0.019522084,0.092215043,0.038471423,-0.426853733,0.187053921,0.816831649,-0.002621599,-0.438111183,4.91
-1.036544091,-0.863605611,-0.579334365,1.33224879,-0.584828899,-1.449831261,-0.718318163,-0.438111183,5.6
-1.036544091,-0.863605611,-0.579334365,-0.050231261,-1.513307754,3.601235049,-0.718318163,-0.438111183,3.643
-0.276771343,-0.171990774,-0.579334365,1.300672211,1.704925729,0.192570389,-0.718318163,0.801312164,7.693
-0.671519582,-0.494729695,-0.579334365,-0.500341045,-0.804309956,1.322186003,-0.718318163,-0.438111183,4.039
-1.036544091,-0.863605611,-0.579334365,0.308593503,-0.620587049,-0.268193875,-0.718318163,-0.438111183,3.533
-1.036544091,-0.863605611,-0.579334365,0.169082435,-0.783348282,-0.114605787,-0.718318163,-0.438111183,3.002
0.463328146,-0.116787748,1.274082998,-0.585310749,-0.356716564,-1.127791722,0.713074965,-0.438111183,3.476
1.957640549,0.885184572,1.891888786,-1.794406674,-0.01763066,-0.297920602,1.428771529,-0.438111183,7.378
-0.406572091,-0.076078634,0.038471423,-1.37472523,-1.128599384,2.24371453,-0.718318163,-0.438111183,0.59
0.223399909,0.711448343,0.65627721,-1.866171627,-0.238344757,2.204078895,-0.718318163,-0.438111183,0.46
-0.967260002,-0.817776684,-0.579334365,1.405161982,0.96263586,0.014210029,-0.002621599,-0.438111183,5.551
0.923083679,0.625306391,-0.579334365,-0.245431933,-0.253141233,-0.686845276,0.713074965,-0.438111183,3.591
1.18867269,1.914002902,1.274082998,-0.220744789,0.868924847,-0.062584015,-0.718318163,2.040735512,4.187
0.55805917,1.075659215,0.65627721,-0.368867651,1.2437689,0.120730799,1.428771529,0.801312164,3.742
-1.036544091,-0.863605611,-0.579334365,-0.033581792,-0.853631542,-0.320215647,-0.718318163,-0.438111183,2.48
0.052755763,0.253247095,0.038471423,0.836209436,0.738222644,0.086049618,1.428771529,-0.438111183,4.01
0.588424419,0.21865535,0.038471423,-0.876389398,-0.279035066,0.343681249,0.713074965,-0.438111183,5.551
0.208003445,0.402572525,0.65627721,0.768463321,1.312819121,0.472497065,0.713074965,2.040735512,4.249
-1.036544091,-0.863605611,-0.579334365,0.547427266,-0.460291894,0.504701019,-0.718318163,-0.438111183,5.373
-0.207487253,-0.538578178,-0.579334365,0.26725689,0.180888723,-0.463894826,-0.718318163,-0.438111183,4.001
0.499680909,0.363447766,0.65627721,-0.197780004,-0.399872951,-1.276425355,0.713074965,-0.438111183,4.489
-0.480132976,-0.381008235,0.65627721,0.574410888,-0.568799383,-1.685167847,-0.002621599,-0.438111183,4.761
0.6662621,0.278816819,0.65627721,-0.566938921,0.655608988,0.197524843,2.860164657,-0.438111183,5.054
-0.581920713,-0.438015664,0.038471423,0.294240513,0.267201499,0.341204022,-0.002621599,-0.438111183,5.036
0.517643451,0.212053872,0.038471423,-1.096851333,-0.169294537,0.935738556,2.144468093,0.801312164,2.572
0.923083679,0.625306391,-0.579334365,-0.042767706,-0.242043876,-0.401964145,0.713074965,-0.438111183,5.441
-1.036544091,-0.863605611,-0.579334365,0.897066116,0.057584758,-0.518393824,-0.718318163,-0.438111183,4.909
-1.036544091,-0.863605611,-0.579334365,1.613567405,0.027991807,-1.462217397,-0.718318163,-0.438111183,6.777
-0.282758857,-0.219638774,0.65627721,-0.612868491,-0.568799383,0.086049618,-0.002621599,-0.438111183,4.011
0.919876082,0.858294552,2.509694573,-1.517106896,-0.769784846,1.423752319,2.860164657,-0.438111183,1.983
0.177852036,0.253584503,0.038471423,-0.717358262,0.280764935,0.742514833,-0.002621599,-0.438111183,6.883
-1.036544091,-0.863605611,-0.579334365,2.110180878,0.327620441,-1.281379809,-0.718318163,-0.438111183,8.16
-0.041547582,0.292797282,0.038471423,0.037034922,-0.025028898,-0.144332514,-0.718318163,0.801312164,3.474
-0.206845734,-0.863605611,0.038471423,-0.84309046,-1.648942116,0.323863432,-0.718318163,-0.438111183,5.562
-0.566096569,0.209501301,-0.579334365,0.958496916,1.157456125,-0.235989921,-0.002621599,-0.438111183,4.9
-1.036544091,-0.863605611,-0.579334365,1.178384731,-0.568799383,-1.179813493,-0.718318163,-0.438111183,5.55
-0.061220842,-0.448900768,-0.579334365,0.401026762,0.079779472,-0.359851282,-0.002621599,-0.438111183,6.458
-0.474145462,-0.333360234,-0.579334365,0.2529039,-0.047223612,0.928306874,-0.718318163,0.801312164,4.886
-0.056730206,-0.11914961,-0.579334365,0.303426426,-0.433165022,-0.793366046,-0.002621599,-0.438111183,4.611
-0.238921701,0.131427822,0.038471423,1.282874502,0.750553041,0.224774343,-0.718318163,0.801312164,4.56
0.16416629,-0.335164638,0.65627721,-0.196631765,-0.025028898,0.242114933,0.713074965,-0.438111183,3.52
-0.474145462,0.325027165,-0.579334365,1.772024421,1.780141148,-0.136900832,-0.718318163,0.801312164,8.112
0.368810962,0.622034992,0.65627721,-1.462565532,-0.637849604,0.11082189,0.713074965,0.801312164,3.716
-0.967260002,-0.817776684,-0.579334365,3.923824766,3.704916039,1.270164231,-0.002621599,-0.438111183,5.96
0.375867675,0.507007906,0.038471423,-0.554308289,-0.496050044,-0.649686867,-0.002621599,-0.438111183,4.024
1.491469822,2.636087227,2.509694573,-0.064584252,1.649438945,0.415520839,-0.718318163,-0.438111183,6.424
-0.760904611,-0.617355815,-0.579334365,-0.142090401,-0.256840352,-0.444077008,-0.002621599,-0.438111183,3.711
0.845887518,0.403555412,0.65627721,0.500349457,0.539703261,0.207433752,2.860164657,-0.438111183,4.485
-1.036544091,-0.863605611,-0.579334365,1.207090712,0.12170282,-0.800797728,-0.718318163,-0.438111183,5.641
-0.641795852,-0.54086669,-0.579334365,-0.603682577,-0.425766784,1.312277094,-0.718318163,-0.438111183,2.272
-0.061220842,-0.448900768,-0.579334365,-0.196631765,-0.244509956,0.5666317,-0.002621599,-0.438111183,4.608
0.275362977,-0.335164638,0.65627721,-0.393554795,-0.322191454,-0.733912593,0.713074965,-0.438111183,3.298
-1.036544091,-0.863605611,-0.579334365,1.021075955,-0.459058855,-1.278902582,-0.718318163,-0.438111183,5.389
-0.056730206,-0.11914961,-0.579334365,0.457290485,-0.417135507,-1.407718398,-0.002621599,-0.438111183,4.251
-1.036544091,-0.863605611,-0.579334365,0.668566506,-0.72046326,-1.167427357,-0.718318163,-0.438111183,4.787
0.483001406,0.519609394,-0.579334365,-0.767306669,0.861526609,0.247069388,-0.718318163,-0.438111183,2.506
-0.603946211,-0.237448095,0.038471423,-0.260933162,-0.700734626,-0.240944375,-0.718318163,-0.438111183,3.71
0.992367769,1.329522716,-0.579334365,1.087099711,0.6839689,0.586449517,1.428771529,-0.438111183,6.24
-0.086026256,-0.617355815,-0.579334365,0.583596802,-0.260539471,-0.855296727,-0.002621599,0.801312164,6.54
-0.779294833,-0.599385125,0.038471423,-0.868925843,-1.21244608,1.981128445,-0.002621599,-0.438111183,3.118
-1.036544091,-0.863605611,-0.579334365,0.166785956,-1.150794098,-0.946954134,-0.718318163,-0.438111183,3.655
-0.216896204,-0.069139748,0.038471423,-0.052527739,0.286930133,-0.08487906,-0.002621599,-0.438111183,5.942
-1.036544091,-0.863605611,-0.579334365,1.207090712,0.095808987,-0.800797728,-0.718318163,-0.438111183,5.422
-0.480132976,-0.381008235,0.65627721,-0.069177208,-0.537973392,-0.134423605,-0.002621599,-0.438111183,6.13
0.403453007,0.523100842,0.65627721,-1.498735068,-1.095307313,1.57486318,-0.718318163,-0.438111183,3.044
-0.061220842,-0.448900768,-0.579334365,-0.421686657,-0.117506872,0.286705023,-0.002621599,-0.438111183,4.437
-0.603946211,-0.237448095,0.038471423,0.748369134,-0.515778678,-1.749575755,-0.718318163,-0.438111183,5.76
-0.157021064,0.033696609,0.65627721,-1.956882527,-0.944876476,1.032350418,0.713074965,-0.438111183,1.188
0.16416629,-0.335164638,0.65627721,-0.211558875,-0.038592334,-0.597665096,0.713074965,-0.438111183,3.351
2.335495445,1.995919908,0.038471423,-0.442354963,0.042788282,-0.989066997,1.428771529,-0.438111183,3.43
0.215701677,0.250797213,-0.579334365,-0.382072403,0.242540706,1.557522589,2.144468093,-0.438111183,7.037
1.265441172,1.761098003,-0.579334365,1.093989147,1.791238505,0.078617937,-0.002621599,2.040735512,5.03
-1.036544091,-0.863605611,-0.579334365,1.158864664,0.256104142,-0.714094775,-0.718318163,-0.438111183,5.406
-0.041547582,0.292797282,0.038471423,-0.130608008,-0.045990572,-0.260762193,-0.718318163,0.801312164,3.047
-0.261161039,0.018703919,-0.579334365,0.566373214,1.204311632,0.13807139,0.713074965,0.801312164,4.92
-0.127297335,-0.213536075,-0.579334365,-0.482543337,-0.309861057,0.276796114,-0.718318163,-0.438111183,4.072
1.431380843,0.185471921,-0.579334365,-0.408481905,0.240074626,0.598835654,-0.002621599,-0.438111183,7.341
0.81359771,0.859189419,0.65627721,-0.162184587,0.230210309,0.375885203,3.575861222,0.801312164,6.447
-1.036544091,-0.863605611,-0.579334365,0.542834309,-0.547837709,0.160366435,-0.718318163,-0.438111183,3.772
-0.603946211,-0.237448095,0.038471423,0.748369134,-0.515778678,-1.749575755,-0.718318163,-0.438111183,5.61
-1.036544091,-0.863605611,-0.579334365,0.93668037,-0.207518766,-0.912272953,-0.718318163,-0.438111183,5.009
-0.056730206,-0.11914961,-0.579334365,-0.041619467,-0.47385533,-0.258284966,-0.002621599,-0.438111183,4.04
-1.036544091,-0.863605611,-0.579334365,0.690383052,-1.004062379,1.537704771,-0.718318163,-0.438111183,4.34
0.130379604,-0.261726864,-0.579334365,-0.612868491,-0.500982203,2.052968034,-0.718318163,-0.438111183,9.099
-0.698891074,-0.863605611,0.038471423,0.31318646,0.150062732,-0.728958138,-0.002621599,-0.438111183,4.7
-0.603946211,-0.237448095,0.038471423,0.185731904,-0.182857973,-0.714094775,-0.718318163,-0.438111183,4.61
-0.603946211,-0.237448095,0.038471423,0.574410888,-0.573731542,-1.578647076,-0.718318163,-0.438111183,5.461
0.597833369,-0.762060211,-0.579334365,0.235106191,0.074847313,-0.523348279,-0.718318163,-0.438111183,7.483
0.249274523,0.257882799,-0.579334365,-0.014635844,0.43859401,1.349435502,2.144468093,-0.438111183,3.22
-1.036544091,-0.863605611,-0.579334365,0.360838389,-0.620587049,0.041459528,-0.718318163,-0.438111183,4.502
-1.036544091,-0.863605611,-0.579334365,0.248310943,-1.017625816,0.876285103,-0.718318163,-0.438111183,3.809
1.35568156,1.251463907,0.038471423,-0.527324667,-0.19518837,-0.818138319,0.713074965,-0.438111183,4.606
-0.698891074,-0.863605611,0.038471423,-0.275286153,-0.390008634,-0.58527896,-0.002621599,-0.438111183,5.069
-0.967260002,-0.817776684,-0.579334365,-0.069177208,-0.547837709,0.482405974,-0.002621599,-0.438111183,4.385
-1.036544091,-0.863605611,-0.579334365,0.782816311,-0.182857973,-0.441599781,-0.718318163,-0.438111183,4.98
0.453277676,0.56576106,-0.579334365,0.464179921,1.517503702,0.529473291,-0.718318163,2.040735512,7.371
-0.671519582,-0.494729695,-0.579334365,-1.212249377,-1.428228019,1.520364181,-0.718318163,-0.438111183,2.815
-1.036544091,-0.863605611,-0.579334365,-0.050231261,-1.513307754,-1.179813493,-0.718318163,-0.438111183,3.718
-1.036544091,-0.644143145,-0.579334365,-0.165055185,-1.513307754,-0.803274955,-0.718318163,-0.438111183,3.577
-1.036544091,-0.863605611,-0.579334365,1.858716484,0.910848195,-0.885023454,-0.718318163,-0.438111183,6.004
-0.056730206,-0.11914961,-0.579334365,0.457290485,-0.433165022,-1.407718398,-0.002621599,-0.438111183,4.62
-1.036544091,-0.863605611,-0.579334365,1.084803233,-0.610722731,1.433661228,-0.718318163,-0.438111183,5.47
-0.086026256,-0.617355815,-0.579334365,0.766166842,-0.080515682,-0.716572002,-0.002621599,0.801312164,6.099
2.847214046,3.902265364,3.745306149,-1.553276432,1.401597975,-0.453985917,0.713074965,0.801312164,3.573
0.992367769,0.671135317,-0.579334365,1.006148844,0.645744671,0.663243561,1.428771529,-0.438111183,7.012
-0.603946211,-0.237448095,0.038471423,-0.107069104,-0.72046326,-1.023748178,-0.718318163,-0.438111183,4.238
-0.768602843,-0.702236151,-0.579334365,-0.448096159,-0.269170749,-0.050197879,-0.718318163,-0.438111183,4.018
0.710526935,0.829966876,0.038471423,1.794989206,2.627239386,1.166120688,-0.002621599,3.28015886,4.85
-0.238921701,0.131427822,0.038471423,0.793724584,0.770281675,0.254501069,-0.718318163,-0.438111183,5.17
1.417481257,-0.027433077,0.038471423,-1.761681855,-0.343153128,-0.032857289,-0.002621599,0.801312164,5.13
0.672677293,-0.617355815,0.038471423,-0.312603928,-0.312327136,-0.627391822,-0.002621599,-0.438111183,4.494
-1.036544091,-0.863605611,-0.579334365,0.060573826,-1.56262934,-0.939522453,-0.718318163,-0.438111183,3.74
0.052755763,0.253247095,0.038471423,0.975720504,0.89481868,0.143025844,1.428771529,-0.438111183,5.02
0.923083679,0.625306391,-0.579334365,0.111096353,-0.19518837,-1.246698628,0.713074965,-0.438111183,5.402
-1.036544091,-0.863605611,-0.579334365,2.386332417,0.405301939,-1.430013443,-0.718318163,-0.438111183,8.44
-1.036544091,-0.863605611,-0.579334365,1.404587862,0.452157446,-0.857773954,-0.718318163,-0.438111183,6.173
-0.056730206,-0.11914961,-0.579334365,0.149562368,-0.399872951,-0.079924606,-0.002621599,-0.438111183,3.978
-1.036544091,-0.863605611,-0.579334365,0.360838389,-0.708132864,0.041459528,-0.718318163,-0.438111183,3.653
3.30568654,4.391816297,3.127500361,-0.778789062,4.126615599,0.740037605,-0.718318163,0.801312164,4.566
-0.061220842,-0.448900768,-0.579334365,0.446956332,0.396670662,-0.243421603,-0.002621599,-0.438111183,5.548
-0.216896204,-0.069139748,0.038471423,-0.330975756,-0.025028898,-1.011362042,-0.002621599,-0.438111183,6.848
1.431380843,0.185471921,-0.579334365,-0.05195362,0.50641119,0.616176244,-0.002621599,-0.438111183,8.15
-0.306495073,-0.125853778,-0.579334365,-0.515842275,-0.515778678,0.152934753,-0.718318163,-0.438111183,5.001
0.16416629,-0.335164638,0.65627721,-1.484956197,-1.150794098,-0.421781963,0.713074965,-0.438111183,3.825
0.583078424,0.510880773,1.274082998,-0.068028969,2.309115157,0.098435754,0.713074965,-0.438111183,5.132
-0.02379888,-0.041281511,-0.579334365,0.608283946,1.206777711,-0.134423605,1.428771529,-0.438111183,4.943
0.088253167,0.196885143,-0.579334365,0.151284727,0.264735419,0.660766334,-0.718318163,2.040735512,3.603
1.349052527,0.594587513,0.65627721,-0.950450829,1.151290927,0.353590158,2.144468093,-0.438111183,2.685
0.536889031,0.072953397,0.65627721,-0.814958598,0.793709429,0.846558376,1.428771529,-0.438111183,3.008
2.292513649,3.208215314,1.891888786,-2.107875988,0.666706345,1.252823641,0.713074965,4.519582207,3.103
-0.671519582,-0.494729695,-0.579334365,-1.274254296,-1.428228019,0.697924742,-0.718318163,-0.438111183,5.993
0.267450905,0.037188057,-0.579334365,0.640434645,0.316523085,0.083572391,-0.718318163,-0.438111183,5.3
-1.036544091,-0.863605611,-0.579334365,0.716792555,-0.260539471,0.256978297,-0.718318163,-0.438111183,5.548
-0.406572091,-0.076078634,0.038471423,0.242569746,-0.376445198,-1.055952132,-0.718318163,-0.438111183,5.372
-0.11190087,0.007921505,-0.579334365,1.19560832,1.294323526,-0.337556237,1.428771529,-0.438111183,4.579
-0.603946211,-0.237448095,0.038471423,1.593473218,0.686434979,0.497269337,-0.718318163,-0.438111183,6.064
-1.036544091,-0.863605611,-0.579334365,2.249691947,0.290629252,-1.370559989,-0.718318163,-0.438111183,7.61
0.898919784,0.099770068,0.038471423,-1.763978334,-0.694569428,0.881239557,-0.002621599,0.801312164,4.107
-0.480132976,-0.381008235,0.65627721,-0.107069104,-0.72046326,-1.112928358,-0.002621599,-0.438111183,5.19
1.545143608,1.310774519,0.038471423,-1.273106057,0.581626609,0.281750569,2.144468093,0.801312164,3.508
0.076278139,0.101589142,1.891888786,-0.815532718,-0.708132864,-0.778502683,0.713074965,-0.438111183,4.263
0.231953501,0.942030632,-0.579334365,1.092840907,1.995923086,-0.12946915,-0.002621599,2.040735512,8.678
-1.036544091,-0.863605611,-0.579334365,-0.050231261,-1.345614362,-1.179813493,-0.718318163,-0.438111183,3.492
0.825572738,0.773678274,0.038471423,-0.324086321,1.447220442,0.095958527,1.428771529,-0.438111183,4.225
-0.755558617,-0.724138387,-0.579334365,0.820708206,0.619850838,-0.652164095,-0.718318163,-0.438111183,4.737
0.140643913,0.04221985,-0.579334365,1.138196357,0.693833217,-1.098064995,-0.002621599,-0.438111183,5.878
-0.671519582,-0.494729695,-0.579334365,-1.212249377,-1.56262934,1.520364181,-0.718318163,-0.438111183,0.673
1.804531264,-0.371120688,-0.579334365,0.332132408,1.226506345,-1.174859039,0.713074965,-0.438111183,3.619
1.556477116,-0.771933088,-0.579334365,-0.317196885,0.206782556,-0.662073003,0.713074965,-0.438111183,5.976
-0.839169972,-0.702236151,-0.579334365,1.007297084,0.327620441,-0.87016009,-0.718318163,-0.438111183,5.979
0.55805917,1.295121681,0.65627721,-0.301121536,1.085939825,0.318908977,1.428771529,0.801312164,3.432
0.762490002,0.101589142,1.891888786,-2.151509079,-1.56262934,-1.761961891,0.713074965,-0.438111183,3.884
-1.036544091,-0.863605611,-0.579334365,0.473365835,-1.21244608,1.61945327,-0.718318163,-0.438111183,3.87
0.082479493,0.052356786,-0.579334365,-1.002695715,-0.312327136,1.228051368,-0.002621599,0.801312164,2.668
-0.480132976,-0.381008235,0.65627721,0.238550909,-0.637849604,-1.447354033,-0.002621599,-0.438111183,5.43
-0.390534107,-0.333360234,-0.579334365,-0.027840596,-0.182857973,-0.305352283,-0.718318163,0.801312164,4.032
-0.432660544,-0.863605611,-0.579334365,1.404587862,0.619850838,-0.981635315,-0.718318163,-0.438111183,6.027
1.161301197,-0.566348395,-0.579334365,0.579003845,0.503945111,-0.426736417,-0.718318163,-0.438111183,7.676
2.874799378,3.554206108,1.891888786,-1.307553234,2.793699739,1.332094912,-0.002621599,0.801312164,4.602
-0.337929521,-0.202650971,-0.579334365,0.597949793,0.745620882,-0.389578009,0.713074965,0.801312164,4.821
0.463328146,-0.116787748,1.274082998,-0.989490963,-0.719230221,-0.344987919,0.713074965,-0.438111183,3.85
-0.157021064,0.033696609,0.65627721,0.961367514,0.834399737,-1.038611541,0.713074965,-0.438111183,7.478
-0.671519582,-0.494729695,-0.579334365,-0.500341045,-1.21244608,0.274318887,-0.718318163,0.801312164,2.576
0.819799064,0.917502474,1.274082998,-0.921170728,0.549567578,0.915920738,0.713074965,-0.438111183,2.958
0.56746812,1.018637115,0.038471423,-0.670280453,1.248701059,0.460110929,1.428771529,0.801312164,3.674
0.99129857,1.752633441,1.274082998,-0.374608848,1.108134539,-0.258284966,-0.718318163,-0.438111183,3.961
1.500664933,2.225886059,0.038471423,0.837931795,1.56189313,-0.238467148,-0.002621599,2.040735512,4.501
-0.839169972,-0.702236151,-0.579334365,0.552020223,0.289396212,-0.426736417,-0.718318163,-0.438111183,3.953
0.953448928,1.449200176,0.65627721,-0.171944621,1.571757447,0.353590158,-0.718318163,-0.438111183,4.333
-0.147612114,-0.023310821,0.038471423,-0.272989674,0.146363613,0.318908977,0.713074965,-0.438111183,3.155
0.413075797,0.718387229,0.65627721,0.019237213,0.925644671,0.876285103,-0.002621599,0.801312164,3.917
0.037786978,-0.472460709,-0.579334365,0.535944874,0.36584467,0.395703021,-0.002621599,0.801312164,6.074
1.015462465,-0.771933088,-0.579334365,-1.067571232,-0.518244758,-0.610051232,0.713074965,-0.438111183,4.858
1.33622214,-0.66052948,-0.579334365,0.445233973,0.644511631,-0.389578009,-0.718318163,-0.438111183,6.442
-0.056730206,-0.11914961,-0.579334365,-0.041619467,-0.496050044,-0.258284966,-0.002621599,-0.438111183,4.14
-0.337929521,-0.166254823,-0.579334365,0.522166003,0.346116036,-0.409395827,0.713074965,-0.438111183,4.403
-1.036544091,-0.863605611,-0.579334365,-0.688078161,-1.840063261,-1.135223403,-0.718318163,-0.438111183,4.632
-0.839169972,-0.702236151,-0.579334365,0.620914578,0.246239825,-0.260762193,-0.718318163,-0.438111183,5.433
-0.238921701,0.131427822,0.038471423,-0.145535118,-0.533041234,1.195847415,-0.718318163,0.801312164,3.08
-0.603946211,-0.237448095,0.038471423,0.238550909,-0.637849604,-1.353219399,-0.718318163,-0.438111183,4.797
1.430739324,1.766261826,1.274082998,-0.623202644,0.674104583,-0.642255186,0.713074965,0.801312164,3.025
1.556477116,-0.771933088,-0.579334365,0.318927656,0.743154803,-0.456463144,0.713074965,-0.438111183,6.188
-1.036544091,-0.863605611,-0.579334365,-0.368293532,-1.428228019,-1.199631311,-0.718318163,-0.438111183,2.642
0.817660666,-0.464802995,-0.579334365,-0.145535118,-0.121205991,0.103390209,-0.718318163,-0.438111183,6.579
0.407088283,0.661673199,0.038471423,0.51125773,1.050181676,-0.268193875,-0.718318163,0.801312164,2.955
-0.041547582,0.292797282,0.038471423,0.255200378,0.448458327,-0.060106788,-0.718318163,0.801312164,3.794
1.515206038,1.11582554,-0.579334365,-1.16230097,0.116770661,2.335371938,0.713074965,-0.438111183,3.339
0.71587293,1.440471555,1.891888786,-0.548567093,1.026753922,0.499746565,-0.002621599,-0.438111183,3.277
-0.480132976,-0.381008235,0.65627721,0.748369134,-0.515778678,-1.87839157,-0.002621599,-0.438111183,5.559
-0.779294833,-0.599385125,0.038471423,2.534455279,2.342407228,1.257778095,-0.002621599,-0.438111183,6.537
-0.603946211,-0.237448095,0.038471423,1.446498595,0.518741587,0.452679247,-0.718318163,-0.438111183,6.36
-0.602235492,-0.448900768,-0.579334365,-1.214545855,-0.875826256,1.270164231,-0.002621599,0.801312164,4.906
-0.768602843,-0.702236151,-0.579334365,1.227759019,0.275832776,-1.377991671,-0.718318163,-0.438111183,5.513
0.088253167,0.196885143,-0.579334365,-0.177111698,-0.029961057,0.581495063,-0.718318163,2.040735512,3.77
-0.086026256,-0.617355815,-0.579334365,0.546279027,-0.4417963,-1.013839269,-0.002621599,0.801312164,6.131
-0.276771343,-0.171990774,-0.579334365,0.949311002,1.079774627,1.205756323,-0.718318163,0.801312164,5.475
0.088253167,0.196885143,-0.579334365,1.020501835,1.326382557,0.256978297,-0.718318163,2.040735512,5.19
0.570034198,0.614744026,1.274082998,1.262206196,1.442288284,-0.8528195,2.860164657,-0.438111183,6.65
-1.036544091,-0.863605611,-0.579334365,0.166785956,-1.309856212,-1.340833263,-0.718318163,-0.438111183,3.842
0.231953501,0.503105699,-0.579334365,1.128436324,1.812200179,-0.344987919,-0.002621599,2.040735512,9.133
-1.036544091,-0.863605611,-0.579334365,1.158864664,0.289396212,-0.714094775,-0.718318163,-0.438111183,6.7
-0.147612114,-0.023310821,0.038471423,0.497478859,0.986063614,-0.079924606,0.713074965,-0.438111183,4.992
-0.87060442,-0.863605611,-0.579334365,-0.417667819,0.224045111,0.296613932,0.713074965,-0.438111183,4.823
0.396396294,0.177095379,0.65627721,-0.724247698,0.22651119,0.224774343,1.428771529,-0.438111183,6.119
0.018327558,0.395648308,0.65627721,-0.719654741,-0.271636828,-0.097265196,-0.002621599,0.801312164,4.216
-0.603946211,-0.237448095,0.038471423,0.574410888,-0.568799383,-1.578647076,-0.718318163,-0.438111183,4.864
0.602751684,0.725311446,0.65627721,-0.130033888,1.203078592,0.224774343,0.713074965,-0.438111183,4.652
-0.768602843,-0.702236151,-0.579334365,-1.093980735,-0.990498943,-0.020471152,-0.718318163,-0.438111183,3.587
-0.603946211,-0.237448095,0.038471423,-1.426970116,-1.648942116,2.142148214,-0.718318163,-0.438111183,0.59
-1.036544091,-0.863605611,-0.579334365,0.608858066,-0.461524934,0.390748567,-0.718318163,-0.438111183,3.522
0.130379604,-0.261726864,-0.579334365,0.820134087,0.793709429,1.800290857,-0.718318163,-0.438111183,6.042
-0.480132976,-0.381008235,0.65627721,-0.107069104,-0.700734626,-1.112928358,-0.002621599,-0.438111183,6.409
0.206078887,-0.381008235,0.65627721,-1.510217461,-1.56262934,-1.167427357,-0.002621599,0.801312164,3.638
0.463328146,-0.116787748,1.274082998,-1.484956197,-1.128599384,-0.71904923,0.713074965,-0.438111183,3.936
-1.036544091,-0.863605611,-0.579334365,1.004426485,-0.637849604,-1.355696626,-0.718318163,-0.438111183,4.83
-1.036544091,-0.863605611,-0.579334365,0.360838389,-0.72046326,0.041459528,-0.718318163,-0.438111183,3.791
1.145049374,0.621946972,1.274082998,-0.023247639,-0.041058414,0.098435754,2.860164657,-0.438111183,4.288
-0.216896204,-0.069139748,0.038471423,0.037034922,0.116770661,0.02164171,-0.002621599,-0.438111183,4.762
0.304872867,0.403555412,0.65627721,0.158748282,0.066216036,0.571586154,2.860164657,-0.438111183,3.601
-0.056730206,-0.11914961,-0.579334365,0.112244592,-0.460291894,-1.063383814,-0.002621599,-0.438111183,4.31
-0.056730206,-0.11914961,-0.579334365,0.149562368,-0.433165022,-0.079924606,-0.002621599,-0.438111183,4.558
-0.603946211,-0.237448095,0.038471423,-0.634110917,-1.309856212,-1.412672852,-0.718318163,-0.438111183,3.002
-0.056730206,-0.11914961,-0.579334365,0.457290485,-0.40357207,-1.407718398,-0.002621599,-0.438111183,4.434
6.157667725,7.220975018,9.305558237,-4.313069458,2.22896758,0.809399968,4.291557786,-0.438111183,3.077
-0.406572091,-0.076078634,0.038471423,0.410212676,-0.329589691,-1.234312492,-0.718318163,-0.438111183,6.176
-1.036544091,-0.863605611,-0.579334365,0.547427266,-0.214917004,-0.206263194,-0.718318163,-0.438111183,4.1
-0.839169972,-0.702236151,-0.579334365,1.077339677,-0.329589691,-1.155041221,-0.718318163,-0.438111183,7.012
-1.036544091,-0.863605611,-0.579334365,2.386332417,0.385573305,-1.430013443,-0.718318163,-0.438111183,8.78
0.766552958,0.971722612,0.65627721,-1.248418913,0.315290045,0.546813882,0.713074965,0.801312164,2.359
-0.480132976,-0.381008235,0.65627721,-0.260933162,-0.72046326,-0.320215647,-0.002621599,-0.438111183,5.312
0.19367618,0.757600008,0.65627721,0.57211441,0.955237623,0.304045614,-0.718318163,-0.438111183,4.535
-0.406572091,-0.076078634,0.038471423,0.242569746,-0.381377357,-1.055952132,-0.718318163,-0.438111183,5.527
-0.760904611,-0.617355815,-0.579334365,0.423417428,0.289396212,-0.610051232,-0.002621599,-0.438111183,4.851
-1.036544091,-0.863605611,-0.579334365,0.166785956,-1.254369428,-1.340833263,-0.718318163,-0.438111183,3.46
0.076278139,0.101589142,1.891888786,0.730571426,0.327620441,-1.308629309,0.713074965,-0.438111183,5.381
-0.603946211,-0.237448095,0.038471423,0.467050519,0.138965375,-0.617482913,-0.718318163,-0.438111183,4.668
1.022733018,0.633374864,0.038471423,-1.594038926,-0.071884405,0.519564382,1.428771529,2.040735512,5.12
0.588424419,0.21865535,0.038471423,-1.295496722,-0.492350925,0.190093162,0.713074965,0.801312164,6.964
-0.480132976,-0.381008235,0.65627721,0.238550909,-0.637849604,-1.447354033,-0.002621599,-0.438111183,5.437
-0.534662121,-0.191604498,0.038471423,-1.37472523,-1.128599384,2.365098664,-0.002621599,-0.438111183,2.959
0.231953501,0.283643233,-0.579334365,0.914863824,1.777675068,-0.342510692,-0.002621599,2.040735512,9.063
-0.211764049,-0.771933088,-0.579334365,-0.989490963,-0.976935507,0.356067386,0.713074965,-0.438111183,2.232
-0.238921701,0.131427822,0.038471423,-0.991787442,-1.128599384,1.272641458,-0.718318163,0.801312164,3.16
-1.036544091,-0.863605611,-0.579334365,0.608858066,-0.514545639,0.390748567,-0.718318163,-0.438111183,3.792
-0.061220842,-0.448900768,-0.579334365,-0.022099399,-0.058320969,0.603790108,-0.002621599,-0.438111183,4.474
-0.019522084,0.092215043,0.038471423,-0.64444507,0.501479032,0.541859427,-0.002621599,-0.438111183,3.47
0.088253167,0.196885143,-0.579334365,1.786951531,1.727120443,0.881239557,-0.718318163,2.040735512,4.55
0.956656525,0.868724887,0.038471423,-1.412617125,-0.169294537,1.480728545,0.713074965,-0.438111183,5.9
1.458324656,1.782354762,1.891888786,-2.453496,-0.58112978,1.941492809,-0.002621599,0.801312164,3.908
-0.238921701,0.131427822,0.038471423,-0.37116413,-0.568799383,-0.444077008,-0.718318163,-0.438111183,4.462
1.22716385,-0.571526888,-0.579334365,-0.970545016,-0.463991013,-1.333401581,0.713074965,-0.438111183,5.922
-0.839169972,-0.702236151,-0.579334365,-0.868925843,-1.21244608,2.370053119,-0.718318163,-0.438111183,1.73
-0.779294833,-0.599385125,0.038471423,-1.426970116,-1.648942116,2.801090656,-0.002621599,-0.438111183,2.958
0.275362977,-0.335164638,0.65627721,-1.484956197,-1.254369428,-0.421781963,0.713074965,-0.438111183,3.392
-0.009685454,0.033696609,0.65627721,0.158174162,0.526139825,-0.545643324,0.713074965,-0.438111183,4.234
1.735247175,1.569171035,3.127500361,0.223623799,0.722193129,-0.671981912,4.291557786,-0.438111183,4.404
-0.671519582,-0.494729695,-0.579334365,-0.210410636,-0.600858414,0.569108927,-0.718318163,-0.438111183,3.061
-0.603946211,-0.237448095,0.038471423,-0.260933162,-0.72046326,-0.240944375,-0.718318163,-0.438111183,3.863
0.627557099,0.594074065,1.891888786,0.421695069,0.395437622,-0.632346277,2.144468093,-0.438111183,4.632
-0.406572091,-0.076078634,0.038471423,-0.612868491,-0.550303789,0.167798117,-0.718318163,-0.438111183,3.48
-0.238921701,0.131427822,0.038471423,0.52618484,0.169791366,0.296613932,-0.718318163,0.801312164,4.355
-0.480132976,-0.381008235,0.65627721,0.238550909,-0.637849604,-1.447354033,-0.002621599,-0.438111183,4.742
-0.603946211,-0.237448095,0.038471423,-1.129002032,-1.428228019,1.787904721,-0.718318163,-0.438111183,0.935
-0.282758857,-0.219638774,0.65627721,-0.612868491,-0.550303789,0.086049618,-0.002621599,-0.438111183,5.642
0.329250602,-0.771933088,-0.579334365,-1.214545855,-0.637849604,-0.466372053,0.713074965,-0.438111183,5.47
-0.056730206,-0.11914961,-0.579334365,0.303426426,-0.417135507,-0.793366046,-0.002621599,-0.438111183,4.268
0.923083679,0.625306391,-0.579334365,-0.042767706,-0.19518837,-0.401964145,0.713074965,-0.438111183,3.718
-1.036544091,-0.863605611,-0.579334365,0.716792555,-0.460291894,0.256978297,-0.718318163,-0.438111183,4.317
0.018327558,0.395648308,0.65627721,0.961367514,0.6839689,-0.872637317,-0.002621599,0.801312164,4.121
-0.603946211,-0.237448095,0.038471423,-0.260933162,-0.708132864,-0.240944375,-0.718318163,-0.438111183,3.76
1.844519304,1.476779684,0.65627721,-0.381498283,0.042788282,-0.565461142,1.428771529,0.801312164,3.138
0.231953501,0.283643233,-0.579334365,1.445924475,1.950300619,-0.208740421,-0.002621599,2.040735512,8.582
4.047496747,2.408482938,4.363111936,-1.280569612,0.933042909,-0.015516698,4.291557786,0.801312164,2.928
2.814282719,3.695961844,2.509694573,-1.246122434,2.851652602,1.364298866,0.713074965,0.801312164,3.795
0.895926027,1.067473382,1.274082998,-1.137613826,0.26350238,0.660766334,1.428771529,0.801312164,2.072
-0.17134833,0.388724092,0.65627721,0.758703287,0.773980794,-0.04028897,-0.718318163,-0.438111183,4.962
0.088253167,0.196885143,-0.579334365,1.391383111,1.744382998,1.359344411,-0.718318163,2.040735512,5.749
-1.036544091,-0.863605611,-0.579334365,1.305839287,0.310357886,-0.592710641,-0.718318163,-0.438111183,6.19
-1.036544091,-0.863605611,-0.579334365,-0.368293532,-1.56262934,-1.199631311,-0.718318163,-0.438111183,3.28
1.062934897,0.047677072,-0.579334365,-0.871222321,-0.804309956,-0.751253184,0.713074965,2.040735512,6.251
0.575594032,0.122273772,-0.579334365,0.383229054,0.359679472,0.063754573,-0.002621599,2.040735512,6.475
0.829849534,0.76018192,0.038471423,0.304000546,0.926877711,-0.746298729,1.428771529,0.801312164,4.022
-0.474145462,-0.333360234,-0.579334365,-0.756398397,-0.948575595,1.879562128,-0.718318163,0.801312164,2.827
0.130379604,-0.261726864,-0.579334365,1.22603666,0.611219561,1.116576143,-0.718318163,-0.438111183,6.56
0.752653372,0.37136954,0.038471423,-1.127853792,-0.117506872,2.590526342,-0.002621599,0.801312164,5.76
0.62627406,1.383757525,1.274082998,-1.007288672,-0.438097181,-0.69179973,-0.718318163,-0.438111183,3.669
-0.768602843,-0.702236151,-0.579334365,-1.652025008,-1.223543437,1.701201768,-0.718318163,-0.438111183,2.332
-0.967260002,-0.817776684,-0.579334365,1.243834368,0.944140266,0.653334652,-0.002621599,-0.438111183,5.721
0.126102808,0.500303739,0.038471423,0.608858066,0.701231455,-0.337556237,-0.718318163,0.801312164,3.599
-1.036544091,-0.863605611,-0.579334365,-0.133478606,-1.21244608,-0.894932362,-0.718318163,-0.438111183,4.322
-0.127297335,-0.213536075,-0.579334365,0.266108651,0.185820882,0.02164171,-0.718318163,-0.438111183,4.57
1.35568156,1.251463907,0.038471423,0.223049679,0.164859208,0.001823893,0.713074965,-0.438111183,6
-0.87060442,-0.863605611,-0.579334365,-0.109939702,0.256104142,0.016687256,0.713074965,-0.438111183,5.01
-0.404861373,-0.287531307,-0.579334365,0.409064437,0.413933217,0.487360428,-0.002621599,0.801312164,4.339
0.529190799,0.033696609,0.65627721,-2.018313327,-0.85979674,-1.107973904,0.713074965,0.801312164,3.769
1.742303887,-0.415732009,-0.579334365,-0.670854573,0.178422644,0.9852831,-0.718318163,-0.438111183,9.15
0.023459712,0.084513319,-0.579334365,-1.476918523,-0.620587049,0.140548617,1.428771529,0.801312164,3.34
-0.474145462,-0.333360234,-0.579334365,-0.991787442,-1.128599384,2.067831397,-0.718318163,0.801312164,2.09
0.593128894,0.860274995,1.274082998,-0.685781683,-0.2987637,-1.662872802,0.713074965,0.801312164,3.644
-0.480132976,-0.381008235,0.65627721,0.574410888,-0.584828899,-1.685167847,-0.002621599,-0.438111183,5.43
-0.432660544,-0.863605611,-0.579334365,-0.654779223,-1.017625816,-0.939522453,-0.718318163,-0.438111183,2.421
-0.260733359,-0.538578178,-0.579334365,-1.510217461,-1.56262934,0.710310879,-0.718318163,-0.438111183,0.495
-0.282758857,-0.219638774,0.65627721,-0.612868491,-0.537973392,0.086049618,-0.002621599,-0.438111183,5.571
-0.056730206,-0.11914961,-0.579334365,-0.244857813,-0.547837709,-0.506007688,-0.002621599,-0.438111183,3.615
0.130379604,-0.261726864,-0.579334365,1.915554326,1.891114716,1.309799867,-0.718318163,-0.438111183,7.1
-0.839169972,-0.702236151,-0.579334365,0.235106191,-0.211217885,0.294136705,-0.718318163,-0.438111183,7.337
1.1779807,1.098867077,-0.579334365,0.490589423,1.926872866,0.264409978,1.428771529,2.040735512,6.389
-0.527819248,-0.407971605,-0.579334365,-1.274254296,-1.428228019,0.170275344,-0.002621599,0.801312164,3.78
0.772112792,1.039615145,1.891888786,-0.79716089,0.845497094,0.536904973,0.713074965,0.801312164,3.902
0.345502426,0.46109096,0.038471423,-0.380350044,0.360912512,0.742514833,-0.002621599,2.040735512,3.072
1.058871941,2.009915041,1.891888786,-2.019461566,-0.343153128,0.04889121,-0.718318163,0.801312164,3.177
-0.193159988,-0.19389301,-0.579334365,1.158864664,2.008253483,0.18266148,-0.718318163,0.801312164,8.164
-1.036544091,-0.863605611,-0.579334365,1.811638675,0.099508106,-1.439922352,-0.718318163,-0.438111183,6.623
-1.036544091,-0.863605611,-0.579334365,-0.141516281,-0.853631542,0.504701019,-0.718318163,-0.438111183,3.941
-0.779294833,-0.599385125,0.038471423,-0.4170937,-1.033655331,1.698724541,-0.002621599,-0.438111183,2.352
1.072130008,-0.02067023,-0.579334365,-0.148979836,0.491614715,0.980328646,1.428771529,-0.438111183,9.14
-1.036544091,-0.863605611,-0.579334365,2.249691947,0.337484759,-1.370559989,-0.718318163,-0.438111183,7.509
-0.209197971,0.085290826,0.038471423,-1.402282972,-0.422067665,2.290781847,-0.718318163,-0.438111183,1.53
0.731269394,-0.167560448,0.038471423,0.823004685,0.545868459,1.156211779,-0.002621599,-0.438111183,8.113
1.59176068,2.224961852,1.274082998,-0.829885708,1.353509429,1.029873191,1.428771529,0.801312164,2.626
0.130379604,-0.261726864,-0.579334365,1.661793453,1.478046434,1.334572139,-0.718318163,-0.438111183,6.383
-0.532951403,-0.403057171,-0.579334365,-1.236362401,-0.976935507,2.590526342,0.713074965,-0.438111183,1.601
-0.603946211,-0.237448095,0.038471423,0.08468685,-0.637849604,-0.766116547,-0.718318163,-0.438111183,5.691
-0.066994516,-0.363272264,-0.579334365,-0.58358839,-0.555235947,2.196647213,-0.718318163,-0.438111183,2.829
-0.779294833,-0.599385125,0.038471423,-0.069177208,-0.4417963,0.175229798,-0.002621599,-0.438111183,5.46
0.014906121,-0.050186171,-0.579334365,1.064709046,1.031686081,-0.010562244,1.428771529,-0.438111183,4.72
-0.839169972,-0.702236151,-0.579334365,2.00109815,0.539703261,-1.38790058,-0.718318163,-0.438111183,7.019
0.992581609,-0.55898408,-0.579334365,0.102484559,0.205549516,0.365976294,-0.718318163,-0.438111183,6.79
3.110023139,4.018994164,2.509694573,-1.408024168,2.759174629,1.250346413,-0.002621599,0.801312164,3.277
-1.036544091,-0.863605611,-0.579334365,0.714496076,-0.634150485,-0.114605787,-0.718318163,-0.438111183,6.72
1.630679521,0.12305128,-0.579334365,-0.742619526,0.587791807,-0.248376057,-0.002621599,2.040735512,5.6
-0.206845734,-0.863605611,0.038471423,-0.545122375,-1.428228019,0.410566385,-0.718318163,-0.438111183,6.102
-0.17134833,0.388724092,0.65627721,0.942995686,0.777679913,-0.216172103,-0.718318163,-0.438111183,5.37
1.002845918,-0.066499156,-0.579334365,0.068611501,0.521207666,0.861421739,0.713074965,-0.438111183,8.564
-1.036544091,-0.863605611,-0.579334365,0.547427266,-0.460291894,0.504701019,-0.718318163,-0.438111183,4.867
-1.036544091,0.014244254,-0.579334365,-0.285046187,-1.309856212,2.33289471,-0.718318163,-0.438111183,2.018
-0.086026256,-0.617355815,-0.579334365,-0.365997053,-1.21244608,-0.662073003,-0.002621599,0.801312164,5.308
-0.216896204,-0.069139748,0.038471423,0.044498477,0.147596653,0.61122179,-0.002621599,-0.438111183,6.32
-1.036544091,-0.863605611,-0.579334365,0.46532816,-0.853631542,0.918397965,-0.718318163,-0.438111183,4.34
0.573027955,0.771448442,0.65627721,-0.880982355,0.267201499,-0.042766197,0.713074965,2.040735512,2.201
-1.036544091,-0.863605611,-0.579334365,0.668566506,-0.708132864,-1.167427357,-0.718318163,-0.438111183,4.304
2.495019923,1.863494261,-0.579334365,-0.998102758,0.142664494,1.889471037,1.428771529,-0.438111183,3.85
-1.036544091,-0.863605611,-0.579334365,-0.285046187,-1.56262934,-1.348264944,-0.718318163,-0.438111183,3.254
6.390539249,7.526902175,10.54116981,-5.028996627,2.628472426,0.85151283,2.860164657,-0.438111183,3.088
1.902897564,1.369762391,-0.579334365,0.026126649,0.042788282,-0.548120551,1.428771529,-0.438111183,4.39
-0.671519582,-0.494729695,-0.579334365,-1.510217461,-1.648942116,1.718542359,-0.718318163,-0.438111183,0.55
1.33622214,-0.66052948,-0.579334365,-0.569809519,-0.111341674,-0.144332514,-0.718318163,-0.438111183,7.128
-0.755558617,-0.724138387,-0.579334365,0.31318646,0.150062732,-0.543166097,-0.718318163,-0.438111183,4.995
-0.603946211,-0.237448095,0.038471423,-0.868925843,-1.345614362,1.614498815,-0.718318163,-0.438111183,1.82
-0.406572091,-0.076078634,0.038471423,-1.37472523,-1.004062379,2.24371453,-0.718318163,-0.438111183,1.07
-0.086026256,-0.617355815,-0.579334365,-0.663965137,-1.428228019,-0.894932362,-0.002621599,0.801312164,5.418
-0.17134833,0.388724092,0.65627721,-1.932769503,-1.428228019,1.934061127,-0.718318163,-0.438111183,0.122
-0.238921701,0.131427822,0.038471423,-0.756398397,-0.920215683,1.240437505,-0.718318163,0.801312164,3.358
-0.086026256,-0.617355815,-0.579334365,0.129468181,-0.804309956,-0.312783965,-0.002621599,0.801312164,5.429
1.251969265,-0.095927078,-0.579334365,-0.960784982,0.150062732,0.462588156,-0.002621599,-0.438111183,5.762
1.35568156,1.251463907,0.038471423,-0.32466044,-0.142167665,-0.51343937,0.713074965,-0.438111183,4.79
-0.527819248,-0.407971605,-0.579334365,-1.510217461,-1.648942116,0.883716784,-0.002621599,0.801312164,1.057
-1.036544091,-0.863605611,-0.579334365,0.083538611,-1.254369428,1.124007825,-0.718318163,-0.438111183,4.002
2.847214046,3.902265364,3.745306149,-1.83057621,1.359674627,-0.250853284,0.713074965,0.801312164,6.43
-1.036544091,-0.863605611,-0.579334365,-0.050231261,-1.21244608,-0.545643324,-0.718318163,-0.438111183,2.608
1.577005735,1.418202569,0.65627721,-0.521009351,1.256099297,1.015009827,2.860164657,2.040735512,2.593
-0.603946211,-0.237448095,0.038471423,0.574410888,-0.573731542,-1.578647076,-0.718318163,-0.438111183,4.495
-0.109120953,0.035515683,-0.579334365,0.75353621,1.085939825,0.160366435,-0.718318163,0.801312164,5.541
-0.641795852,-0.54086669,-0.579334365,1.122121008,0.828234539,-0.46884928,-0.718318163,-0.438111183,7.087
-0.603946211,-0.237448095,0.038471423,-0.069177208,-0.637849604,-0.065061242,-0.718318163,-0.438111183,4.765
-0.209197971,0.085290826,0.038471423,-1.199618745,-0.47385533,2.124807623,-0.718318163,-0.438111183,1.888
-0.406572091,-0.076078634,0.038471423,-0.612868491,-0.568799383,0.167798117,-0.718318163,-0.438111183,3.68
0.188330185,0.188141852,1.274082998,-0.108791462,1.187049077,0.056322891,0.713074965,-0.438111183,4.305
-0.306495073,-0.125853778,-0.579334365,-1.284588449,-0.804309956,1.106667234,-0.718318163,-0.438111183,3.788
0.315351016,0.312102938,-0.579334365,-0.216725951,1.676565817,0.259455524,-0.718318163,-0.438111183,8.028
-0.480132976,-0.381008235,0.65627721,-0.463597389,-0.783348282,-0.572892823,-0.002621599,-0.438111183,5.371
-1.036544091,-0.863605611,-0.579334365,2.110180878,0.270900617,-1.281379809,-0.718318163,-0.438111183,6.99
0.864491579,-0.371120688,-0.579334365,1.200775396,-0.044757533,-1.184767948,0.713074965,2.040735512,6.399
1.667246124,1.378667052,1.274082998,-1.426970116,0.168558327,-0.052675106,2.144468093,-0.438111183,3.839
-0.019094404,0.047677072,-0.579334365,0.470495237,-0.207518766,-1.434967897,0.713074965,2.040735512,6.21
0.558700689,1.126475925,0.65627721,-1.586575371,-0.82527163,0.071186255,-0.718318163,2.040735512,2.764
1.795122314,2.016575199,0.65627721,1.242686129,3.0723667,0.100912982,2.144468093,-0.438111183,5.44
0.020038276,0.180601497,0.038471423,1.405161982,1.288158328,0.249546615,0.713074965,2.040735512,4.307
-0.306495073,-0.125853778,-0.579334365,-0.046212424,-0.095312158,-0.446554235,-0.718318163,-0.438111183,5.545
0.278998253,-0.248494568,-0.579334365,0.650768798,-0.22848044,-0.951908589,-0.002621599,2.040735512,4.932
-0.056730206,-0.11914961,-0.579334365,0.112244592,-0.496050044,-1.063383814,-0.002621599,-0.438111183,3.64
-0.603946211,-0.237448095,0.038471423,-0.463597389,-0.783348282,-0.478758189,-0.718318163,-0.438111183,3.85
-0.522045574,-0.338773446,0.65627721,0.581300324,0.425030574,-0.488667098,0.713074965,-0.438111183,4.651
-0.187172474,0.104185723,0.038471423,0.560057898,1.571757447,0.204956525,-0.002621599,-0.438111183,5.754
-1.036544091,-0.863605611,-0.579334365,0.668566506,-0.700734626,-1.167427357,-0.718318163,-0.438111183,4.138
-0.760904611,-0.617355815,-0.579334365,-0.142090401,-0.256840352,-0.444077008,-0.002621599,-0.438111183,3.53
-0.432660544,-0.863605611,-0.579334365,0.308593503,-0.390008634,-0.966771952,-0.718318163,-0.438111183,3.357
1.920004747,0.399961274,-0.579334365,-1.046328806,0.445992248,0.247069388,-0.718318163,2.040735512,8.349
0.16416629,-0.335164638,0.65627721,0.458438725,0.622316917,-0.855296727,0.713074965,-0.438111183,3.531
0.845887518,0.403555412,0.65627721,-0.023247639,0.101974186,0.279273342,2.860164657,-0.438111183,3.63
-0.641795852,-0.54086669,-0.579334365,-0.486562174,-0.422067665,0.430384202,-0.718318163,-0.438111183,2.937
1.325316311,1.205546961,0.038471423,0.260367455,1.227739385,0.420475293,0.713074965,2.040735512,4.071
-0.839169972,-0.702236151,-0.579334365,1.802452761,0.486682556,-1.365605535,-0.718318163,-0.438111183,6.723
0.231953501,0.283643233,-0.579334365,1.034280706,1.777675068,-0.709140321,-0.002621599,2.040735512,10.047
0.088253167,0.196885143,-0.579334365,0.748943253,0.868924847,0.767287105,-0.718318163,2.040735512,4.878
1.022946858,0.276645666,0.038471423,-0.681762846,1.286925288,0.274318887,1.428771529,-0.438111183,3.594
1.33622214,-0.66052948,-0.579334365,-0.196631765,0.034157005,-0.08487906,-0.718318163,-0.438111183,8.207
0.157537256,0.24271407,-0.579334365,-0.233375421,0.492847754,0.972896964,-0.002621599,2.040735512,3.536
0.285413447,0.212053872,-0.579334365,-0.905669498,-0.107642555,1.237960277,2.144468093,0.801312164,3.028
-1.036544091,-0.863605611,-0.579334365,1.813361033,0.22651119,-1.162472903,-0.718318163,-0.438111183,5.64
0.19367618,0.757600008,0.65627721,-0.384943001,-0.496050044,-0.575370051,-0.718318163,0.801312164,3.068
1.40529239,0.612954292,1.274082998,-0.85686933,0.699998415,0.088526845,3.575861222,0.801312164,2.533
0.304872867,0.403555412,0.65627721,-0.023247639,-0.01763066,0.514609928,2.860164657,-0.438111183,3.331
-1.036544091,-0.863605611,-0.579334365,1.637106309,0.762883437,-0.778502683,-0.718318163,-0.438111183,6.219
-1.036544091,-0.863605611,-0.579334365,0.542834309,-0.637849604,0.160366435,-0.718318163,-0.438111183,4.53
-0.768602843,-0.702236151,-0.579334365,1.091118548,0.240074626,-1.34331049,-0.718318163,-0.438111183,6.21
3.568281794,3.942695749,1.274082998,-1.219712932,2.693823527,0.710310879,-0.718318163,4.519582207,6.064
-0.603946211,-0.237448095,0.038471423,0.922901499,0.002097974,0.452679247,-0.718318163,-0.438111183,6.36
-0.432660544,-0.863605611,-0.579334365,0.491163543,-0.330822731,-0.830524455,-0.718318163,-0.438111183,4.756
-0.839169972,-0.702236151,-0.579334365,-0.022673519,-0.422067665,1.75322354,-0.718318163,-0.438111183,3.7
-0.603946211,-0.237448095,0.038471423,0.916012064,-0.459058855,-1.895732161,-0.718318163,-0.438111183,5.56
2.529234289,2.805378461,3.127500361,-0.391258317,3.547086964,0.244592161,3.575861222,4.519582207,4.27
-1.036544091,-0.863605611,-0.579334365,0.93668037,-0.182857973,-0.912272953,-0.718318163,-0.438111183,5.5
-1.036544091,-0.863605611,-0.579334365,0.542834309,-0.632917445,0.160366435,-0.718318163,-0.438111183,4.3
-0.603946211,-0.237448095,0.038471423,0.08468685,-0.637849604,-0.766116547,-0.718318163,-0.438111183,4.852
-0.671519582,-0.494729695,-0.579334365,-0.312603928,-0.620587049,-0.295443374,-0.718318163,-0.438111183,3.976
-0.480132976,-0.381008235,0.65627721,0.238550909,-0.632917445,-1.447354033,-0.002621599,-0.438111183,5.16
0.938266304,1.695640682,0.038471423,0.87639781,1.085939825,-0.605096777,-0.002621599,0.801312164,4.257
-0.056730206,-0.11914961,-0.579334365,0.112244592,-0.47385533,-1.063383814,-0.002621599,-0.438111183,3.84
-1.036544091,-0.205218213,-0.579334365,0.060573826,-1.21244608,-0.78097991,-0.718318163,-0.438111183,3.954
0.335451956,0.492924753,-0.579334365,0.746072655,2.161150399,0.318908977,2.144468093,2.040735512,4.835
-0.253890486,-0.566348395,-0.579334365,-0.550863572,-0.742657974,2.543459024,1.428771529,-0.438111183,1.43
-0.019522084,0.092215043,0.038471423,-0.490581011,0.280764935,0.541859427,-0.002621599,-0.438111183,6.52
0.052541923,-0.863605611,-0.579334365,-1.011307509,-0.008999383,0.249546615,1.428771529,-0.438111183,2.54
0.16416629,-0.335164638,0.65627721,-0.989490963,-0.75622141,-0.11212856,0.713074965,-0.438111183,2.838
1.425607169,2.167338285,1.274082998,-1.999367379,-0.196421409,1.114098916,-0.002621599,3.28015886,2.736
0.208003445,0.841512128,0.65627721,0.685790095,0.972500178,-0.60261955,0.713074965,0.801312164,7.802
-0.17134833,0.388724092,0.65627721,1.688777075,0.627249076,-1.390377807,-0.718318163,-0.438111183,4.838
0.44921472,1.223370951,-0.579334365,1.023372433,1.716023086,0.304045614,0.713074965,0.801312164,5.742
-1.036544091,-0.863605611,-0.579334365,-0.545122375,-1.648942116,-1.16495013,-0.718318163,-0.438111183,2.659
-0.603946211,-0.237448095,0.038471423,-1.129002032,-1.428228019,-0.211217649,-0.718318163,-0.438111183,2.579
-0.276771343,-0.171990774,-0.579334365,-1.019345184,-0.666209516,2.184261077,-0.718318163,0.801312164,2.511
-0.603946211,-0.237448095,0.038471423,-0.214429473,-0.610722731,1.39650282,-0.718318163,-0.438111183,3.226
-1.036544091,-0.863605611,-0.579334365,-0.050231261,-1.345614362,-0.545643324,-0.718318163,-0.438111183,3.631
-0.581920713,0.220371734,0.038471423,1.056097251,1.098270222,0.185138707,-0.002621599,-0.438111183,5.783
-1.036544091,-0.863605611,-0.579334365,0.716792555,-0.568799383,0.256978297,-0.718318163,-0.438111183,5.45
-0.603946211,-0.237448095,0.038471423,0.748369134,-0.515778678,-1.749575755,-0.718318163,-0.438111183,6.11
-1.036544091,-0.863605611,-0.579334365,0.615747501,-0.256840352,-0.597665096,-0.718318163,-0.438111183,4.147
0.933775668,0.707502126,0.038471423,1.126139845,2.073604584,0.31643175,-0.002621599,0.801312164,4.112
-0.760904611,-0.617355815,-0.579334365,-1.059533557,-0.853631542,-0.020471152,-0.002621599,-0.438111183,1.815
-0.603946211,-0.237448095,0.038471423,-1.795554913,-1.840063261,3.237082647,-0.718318163,-0.438111183,0.989
-0.17134833,0.388724092,0.65627721,-0.922893087,-0.893088811,1.356867184,-0.718318163,-0.438111183,1.22
-1.036544091,-0.863605611,-0.579334365,1.802452761,0.425030574,-0.771071001,-0.718318163,-0.438111183,6.858
-0.147612114,-0.023310821,0.038471423,-0.906817738,0.068682115,1.998469035,0.713074965,-0.438111183,3.25
2.873088659,3.765658781,2.509694573,-0.374034728,4.116751282,0.754900969,-0.718318163,0.801312164,3.884
-0.306495073,-0.125853778,-0.579334365,-1.284588449,-1.033655331,1.106667234,-0.718318163,-0.438111183,3.323
-0.115108467,-0.012132318,0.65627721,0.096169243,-0.443029339,-1.338356036,-0.002621599,0.801312164,2.348
-1.036544091,-0.863605611,-0.579334365,0.561206137,-1.163124494,2.362621437,-0.718318163,-0.438111183,4.927
-0.779294833,-0.599385125,0.038471423,-0.260933162,-0.620587049,0.038982301,-0.002621599,-0.438111183,5.79
-1.036544091,-0.863605611,-0.579334365,0.944143925,-0.005300264,-0.605096777,-0.718318163,-0.438111183,3.575
0.727206438,-0.312748953,-0.579334365,0.516424806,0.386806344,0.311477296,-0.002621599,-0.438111183,8.849
1.120457799,0.786675851,-0.579334365,0.552020223,0.208015595,0.487360428,0.713074965,-0.438111183,5.636
-0.768602843,-0.702236151,-0.579334365,1.227759019,0.455856565,-1.246698628,-0.718318163,-0.438111183,6.508
0.365603365,0.262899922,0.038471423,-1.047477045,-0.608256652,1.205756323,-0.718318163,-0.438111183,7.699
-0.182467998,0.666308903,-0.579334365,1.129584563,1.066211191,-0.109651333,1.428771529,-0.438111183,4.713
0.130379604,-0.261726864,-0.579334365,1.421237331,1.341179033,1.136393961,-0.718318163,-0.438111183,5.512
-0.02379888,-0.553556198,0.038471423,-1.224880008,-1.066947401,0.011732801,0.713074965,-0.438111183,2.188
-0.603946211,-0.237448095,0.038471423,-0.022673519,-0.600858414,1.361821639,-0.718318163,-0.438111183,3.115
0.13401488,-0.287854046,-0.579334365,0.460161083,0.26350238,-0.248376057,-0.718318163,-0.438111183,6.075
-0.049673493,-0.056772979,-0.579334365,-0.116829137,1.693828372,1.176029597,-0.718318163,-0.438111183,5.291
0.417780272,0.494729157,1.274082998,-1.490697394,-0.397406872,-0.3796691,1.428771529,0.801312164,3.775
-0.602235492,-0.448900768,-0.579334365,0.291369914,0.011962291,0.586449517,-0.002621599,0.801312164,3.078
0.689998316,0.033696609,0.65627721,-1.506198623,-0.708132864,-1.159995675,0.713074965,0.801312164,4.221
-1.036544091,-0.863605611,-0.579334365,1.49989172,-0.515778678,-1.407718398,-0.718318163,-0.438111183,4.674
-1.036544091,-0.863605611,-0.579334365,1.004426485,-0.656345198,-1.355696626,-0.718318163,-0.438111183,4.75
-1.036544091,-0.863605611,-0.579334365,0.322946494,-0.783348282,-0.860251181,-0.718318163,-0.438111183,3.918
-1.036544091,-0.863605611,-0.579334365,-0.133478606,-1.345614362,-1.350742172,-0.718318163,-0.438111183,3.485
-1.036544091,-0.863605611,-0.579334365,2.110180878,0.29679445,-1.281379809,-0.718318163,-0.438111183,6.989
-0.760904611,-0.617355815,-0.579334365,0.198936655,-0.103943436,-0.17405924,-0.002621599,-0.438111183,3.618
-0.603946211,-0.237448095,0.038471423,-0.107069104,-0.700734626,-1.023748178,-0.718318163,-0.438111183,4.426
-1.036544091,-0.863605611,-0.579334365,0.369450183,-1.21244608,-1.271470901,-0.718318163,-0.438111183,4.186
0.085900929,0.652929908,1.274082998,-1.854689234,-0.804309956,1.743314631,-0.002621599,-0.438111183,2.957
1.432663882,0.375697175,1.891888786,-1.306404995,-0.26423859,-1.244221401,2.860164657,0.801312164,4.006
-0.603946211,-0.237448095,0.038471423,-0.069177208,-0.656345198,-0.065061242,-0.718318163,-0.438111183,4.038
-1.036544091,-0.863605611,-0.579334365,1.813361033,0.259803261,-1.162472903,-0.718318163,-0.438111183,6.209
-0.480132976,-0.381008235,0.65627721,-0.069177208,-0.568799383,-0.134423605,-0.002621599,-0.438111183,4.179
-0.839169972,-0.702236151,-0.579334365,-0.4170937,-0.804309956,0.009255574,-0.718318163,-0.438111183,2.778
-0.041547582,0.292797282,0.038471423,0.023256051,-0.045990572,-0.751253184,-0.718318163,0.801312164,3.783
-1.036544091,-0.863605611,-0.579334365,1.207090712,0.138965375,-0.800797728,-0.718318163,-0.438111183,5.626
1.173490065,1.502056009,0.65627721,0.050239673,0.691367138,-0.615005686,-0.002621599,-0.438111183,4.14
-1.036544091,-0.863605611,-0.579334365,0.667992387,-0.783348282,0.948124692,-0.718318163,-0.438111183,4.819
-0.17134833,0.388724092,0.65627721,0.569817931,0.418865375,-0.320215647,-0.718318163,-0.438111183,4.301
0.16416629,-0.335164638,0.65627721,-1.710011089,-0.944876476,-0.917227408,0.713074965,-0.438111183,3.589
